source,year,title,doi
Europe PMC,2024,Efficacy of a Serotonin-Norepinephrine Reuptake Inhibitor as a Treatment for Meniere Disease: A Randomized Clinical Trial.,10.1001/jamaoto.2024.2241
Europe PMC,2015,Telephone-Delivered Cognitive Behavioral Therapy and Telephone-Delivered Nondirective Supportive Therapy for Rural Older Adults With Generalized Anxiety Disorder: A Randomized Clinical Trial.,10.1001/jamapsychiatry.2015.1154
OpenAlex,2020,"Level of plasma tau and depression, anxiety and worry in cognitively normal older adults",10.1002/alz.039495
OpenAlex,2020,The Digital Choice Anxiety Survey (DCAS): Initial development and validation,10.1002/alz.044177
OpenAlex,2020,Severity of subjective cognitive complaints and worries in older adults are associated with cerebral amyloid‐β load,10.1002/alz.046098
OpenAlex,2023,Associations between ruminative brooding and white matter change amongst healthy middle‐aged and older adults,10.1002/alz.078705
OpenAlex,2024,Influence of tau pathology and anxiety and depressive symptoms on metamemory in cognitively normal older adults,10.1002/alz.087366
OpenAlex,2024,Worry differentially affects the impact of placental growth factor on processing speed in older adults with amnestic Mild Cognitive Impairment,10.1002/alz.089876
OpenAlex,2024,Association between Stress and White Matter Hyperintensity Volume in Diverse Populations: A HABS‐HD Study,10.1002/alz.093446
OpenAlex,2024,Influence of tau pathology and anxiety and depressive symptoms on metamemory in cognitively normal older adults,10.1002/alz.093725
OpenAlex,2025,Association between False Positive Misclassification and Modifiable Factors in Alzheimer's Disease Prediction Models among a Diverse Community Based Cohort,10.1002/alz70856_098395
OpenAlex,2025,Affective Fluctuations in Depressive and Anxiety Symptomatology Predict Cognitive Performance Decline in Older Adults,10.1002/alz70857_101303
OpenAlex,2025,Understanding Social Determinants of Health and Cognitive Impairment Risk in Diverse Populations Using Machine Learning: A HABS‐HD Study,10.1002/alz70860_102363
OpenAlex,2025,Peripheral Biomarkers of Lipid Dysregulation and Inflammation in Anxiety‐Related Risk for Alzheimer’s Disease and Related Dementias,10.1002/alz70861_108071
Europe PMC,2018,Worry is associated with inefficient functional activity and connectivity in prefrontal and cingulate cortices during emotional interference.,10.1002/brb3.1137
Europe PMC,2021,Effects of the COVID-19 pandemic in a preexisting longitudinal study of patients with recently diagnosed bipolar disorder: Indications for increases in manic symptoms.,10.1002/brb3.2326
Europe PMC,2015,Coping strategies in a sample of anxiety patients: factorial analysis and associations with psychopathology.,10.1002/brb3.351
Europe PMC,2025,"Prediction of Sleep Quality in Cancer Survivors Based on Arousal, Pain, and Worry: The Mediating Role of Dysfunctional Beliefs and Attitudes About Sleep.",10.1002/cam4.70773
OpenAlex,2019,The FRIENDS Programme:an evaluation of academic and emotional health outcomes,10.1002/central/cn-01797026/full
Europe PMC,2020,Characterizing the nature of worry in a sample of perinatal women with generalized anxiety disorder.,10.1002/cpp.2413
Europe PMC,2023,Early emotional memories and bonding as predictors of short-term and long-term outcome in adults with generalized anxiety disorder.,10.1002/cpp.2804
Europe PMC,2024,"The Relationship of Rumination, Worry and OCD Symptoms During Technology Supported Mindfulness Therapy for OCD.",10.1002/cpp.3018
Europe PMC,2011,Preliminary validation of an ultra-brief version of the Penn State Worry Questionnaire.,10.1002/cpp.724
Europe PMC,2012,"Avoidance, safety behavior, and reassurance seeking in generalized anxiety disorder.",10.1002/da.21955
Europe PMC,2013,Mindfulness and emotion regulation in depression and anxiety: common and distinct mechanisms of action.,10.1002/da.22124
Europe PMC,2013,Factors impacting decisions to decline or adhere to antidepressant medication in perinatal women with mood and anxiety disorders.,10.1002/da.22137
Europe PMC,2014,Effectiveness of cognitive behavioral therapy for insomnia: influence of slight-to-moderate depressive symptom severity and worrying.,10.1002/da.22258
Europe PMC,2019,Comorbid anxiety in late-life depression: Relationship with remission and suicidal ideation on venlafaxine treatment.,10.1002/da.22964
Europe PMC,2020,Efficacy of an acceptance-based group behavioral therapy for generalized anxiety disorder.,10.1002/da.23021
Europe PMC,2020,Comparison of cognitive-behavioral therapy and yoga for the treatment of late-life worry: A randomized preference trial.,10.1002/da.23107
Europe PMC,2015,An exploration of worry content and catastrophic thinking in middle-aged and older-aged adults with and without Parkinson's disease.,10.1002/gps.4146
Europe PMC,2019,Positive and negative religious coping as predictors of distress among minority older adults.,10.1002/gps.4983
Europe PMC,2010,A multifaith spiritually based intervention for generalized anxiety disorder: a pilot randomized trial.,10.1002/jclp.20663
Europe PMC,2023,Faculty caring behavior and effect on dental hygiene students' worry or anxiety.,10.1002/jdd.13115
OpenAlex,2020,"Impact of Worry on Career Thoughts, Career Decision State, and Cognitive Information Processing Skills",10.1002/joec.12152
Europe PMC,2022,Psychological factors associated with clinical fear of cancer recurrence in breast cancer patients in the early survivorship period.,10.1002/pon.5976
Europe PMC,2023,The Perceived Stress Scale for Kids (PeSSKi): Initial development of a brief measure for children aged 7-11 years.,10.1002/smi.3174
Europe PMC,2025,Predictive value and weight of factors associated with cognitive performance in Hispanics/Latinos enrolled in the Health and Aging Brain Study: Health Disparities.,10.1002/trc2.70060
Europe PMC,2023,Psychological impact of simple scoring system for predicting early pregnancy outcome in pregnancy of uncertain viability: randomized controlled trial.,10.1002/uog.26144
OpenAlex,2023,Mindfulness and Compassion as a Path to Recovery and Personal Discovery: A First-Episode Schizophrenia Case Study,10.1007/978-3-031-27003-1_25
Europe PMC,2014,[Depression and anxiety disorders among psoriasis patients: protective and exacerbating factors].,10.1007/s00105-014-3513-9
Europe PMC,2016,Role of worry in patients with chronic tinnitus and sensorineural hearing loss: a preliminary study.,10.1007/s00405-016-4100-8
Europe PMC,2017,Vestibular migraine patients are more anxious than migraine patients without vestibular symptoms.,10.1007/s00415-017-8439-6
Europe PMC,2016,Associations between caregiving worries and psychophysical well-being. An investigation on home-cared cancer patients family caregivers.,10.1007/s00520-015-2854-y
Europe PMC,2023,Do cancer curvivors and metavivors have distinct needs for stress management intervention? Retrospective analysis of a mind-body survivorship program.,10.1007/s00520-023-08062-1
Europe PMC,2020,An investigation of genetic variability of DNA methyltransferases DNMT3A and 3B does not provide evidence for a major role in the pathogenesis of panic disorder and dimensional anxiety phenotypes.,10.1007/s00702-020-02206-x
Europe PMC,2011,Anxiety disorders in headache patients in a specialised clinic: prevalence and symptoms in comparison to patients in a general neurological clinic.,10.1007/s10194-011-0293-9
Europe PMC,2025,Effects of A Brief Resonance Frequency Breathing Exercise on Heart Rate Variability and Inhibitory Control in the Context of Generalised Anxiety Disorder.,10.1007/s10484-025-09687-0
Europe PMC,2017,"The Penn State Worry Questionnaire for Children: Age, Gender and Clinical Invariance.",10.1007/s10578-016-0663-2
Europe PMC,2026,Using Item Response Theory to Develop a Shortened Version of the Penn State Worry Questionnaire for Children.,10.1007/s10578-024-01774-3
OpenAlex,2010,Impulsivity and Intrusive Thoughts: Related Manifestations of Self-Control Difficulties?,10.1007/s10608-010-9317-z
OpenAlex,2010,"Worry, Anhedonic Depression, and Emotional Styles",10.1007/s10608-010-9329-8
OpenAlex,2012,Sudden Gains in the Cognitive-Behavioral Treatment of Generalized Anxiety Disorder,10.1007/s10608-012-9504-1
OpenAlex,2019,A Brief Worry Reappraisal Paradigm (REAP) Increases Coping with Worries,10.1007/s10608-019-10053-8
Europe PMC,2022,What's Worrying Our Students? Increasing Worry Levels over Two Decades and a New Measure of Student Worry Frequency and Domains.,10.1007/s10608-021-10270-0
Europe PMC,2025,Examining Cross-Cultural Invariance of Common Mental Disorder Symptom Measures in the United States and Singapore.,10.1007/s10608-024-10519-4
OpenAlex,2025,Tolerating Uncertainty: Short- and Long-Term Effects of Sudden Gains in Behavioral Experiments for Generalized Anxiety Disorder,10.1007/s10608-025-10598-x
OpenAlex,2025,Face-to-Face Versus Web-Based EMDR Therapy in the Treatment of Generalized Anxiety Disorder Symptoms: A Randomized Controlled Trial,10.1007/s10608-025-10641-x
Europe PMC,2020,Structure and Psychometric Properties of the Penn State Worry Questionnaire for Children in Chinese Adolescents.,10.1007/s10802-020-00680-1
OpenAlex,2013,Searching for Danger: On the Link Between Worry and Threat-Related Confirmation Bias in Children,10.1007/s10826-013-9727-0
OpenAlex,2019,Muscle Dysmorphia in Adolescence: The Role of Parental Psychological Control on a Potential Behavioral Addiction,10.1007/s10826-019-01547-w
Semantic Scholar,2010,Yale-Brown Obsessive Compulsive Scale: Psychometric Properties of the Self-Report Version in a Student Sample,10.1007/s10862-009-9146-0
OpenAlex,2011,Erratum to: The Nature of Generalized Anxiety in Older Primary Care Patients: Preliminary Findings,10.1007/s10862-011-9221-1
OpenAlex,2011,The Penn State Worry Questionnaire—Past Day: Development and Validation of a Measure Assessing Daily Levels of Worry,10.1007/s10862-011-9265-2
OpenAlex,2012,Penn State Worry Questionnaire: Findings Form Normative and Clinical Samples in Denmark,10.1007/s10862-012-9320-7
OpenAlex,2023,Psychometric Properties of the Penn State Worry Questionnaire-Past Week (PSWQ-PW) in an Anxiety and Related Disorders Sample,10.1007/s10862-023-10029-9
OpenAlex,2024,Item Retention as a Feature Selection Task: Developing Abbreviated Measures Using Shapley Values,10.1007/s10862-024-10120-9
OpenAlex,2025,A Comparison of the Long and Short Forms of the Penn State Worry Questionnaire in Adults with Generalised Anxiety Disorder,10.1007/s10862-025-10200-4
Europe PMC,2021,Worry and rumination in breast cancer patients: perseveration worsens self-rated health.,10.1007/s10865-020-00192-9
Europe PMC,2019,"Psychological Distress, Alexithymia and Alcohol Misuse in Patients with Psoriasis: A Cross-Sectional Study.",10.1007/s10880-018-9580-9
Europe PMC,2020,Are Morbid Obesity and Insomnia Related? Investigating Associated Factors in a Clinical Setting.,10.1007/s10880-019-09635-1
OpenAlex,2014,Negative Recurrent Thinking as a Moderator of the Relationship Between Perceived Stress and Depressive Symptoms,10.1007/s10942-014-0192-5
OpenAlex,2021,The Relationship of Metacognition with Worry: The Mediating Role of Emotional Flexibility and Affective Style,10.1007/s10942-021-00422-2
OpenAlex,2026,"The Relationship Between Metacognitive Beliefs, Emotion Recognition, Interpersonal Emotion Regulation, and Attachment Styles in Patients with Anxiety Disorders",10.1007/s10942-026-00680-y
Europe PMC,2025,Is Religiosity a Protective or a Risk Factor Against Worry in Polish Adolescents?: The Mediating Role of the Religious Coping Strategies.,10.1007/s10943-025-02382-8
OpenAlex,2023,Mothers’ and Fathers’ Coping and Psychological Outcomes Post Neonatal Intensive Care Unit (NICU) Discharge: The Role of Religious and Spiritual Coping,10.1007/s11089-023-01098-4
Europe PMC,2015,Venlafaxine versus applied relaxation for generalized anxiety disorder: a randomized controlled study on clinical and electrophysiological outcomes.,10.1007/s11126-014-9334-2
Europe PMC,2013,Factor analytic and item response theory evaluation of the Penn State Worry Questionnaire in women with cancer.,10.1007/s11136-012-0253-0
Europe PMC,2025,"Managing, not lessening, uncertainty: a novel mind-body intervention for fear of cancer recurrence.",10.1007/s11764-025-01886-2
Europe PMC,2021,Evaluation of worry level in healthcare professionals and mental symptoms encountered in their children during the COVID-19 pandemic process.,10.1007/s12144-021-02142-3
OpenAlex,2023,Metanalysis of the efficacy of metacognitive therapy and acceptance and commitment therapy on cognitive intrusion,10.1007/s12144-023-05001-5
Europe PMC,2017,High-Frequency Heart Rate Variability Reactivity and Trait Worry Interact to Predict the Development of Sleep Disturbances in Response to a Naturalistic Stressor.,10.1007/s12160-017-9915-z
OpenAlex,2023,Veranderingen in levenstevredenheid bij koppels na geslaagde in-vitrofertilisatie en een natuurlijke zwangerschap,10.1007/s12440-023-00198-0
OpenAlex,2011,The Relation Between the Five Facets of Mindfulness and Worry in a Non-clinical Sample,10.1007/s12671-011-0075-0
OpenAlex,2012,Mindfulness-Based Cognitive Therapy for Mental Health Professionals—a Pilot Study,10.1007/s12671-012-0127-0
OpenAlex,2021,Mindfulness-Based Cognitive Therapy vs. Psycho-education for Patients with Anxiety Disorders Who Did Not Achieve Remission Following Adequate Pharmacological Treatment,10.1007/s12671-021-01664-y
Europe PMC,2017,Risk and Resilience Factors Associated with Resident Burnout.,10.1007/s40596-016-0628-6
OpenAlex,2022,Worry in Adolescents: the Role of Metacognitive Beliefs and Thought Control Strategies,10.1007/s43076-022-00233-z
OpenAlex,2026,An explainable AI framework for early mental health screening and clinical decision support using reflective listening and generative AI,10.1007/s44202-026-00877-3
Europe PMC,2024,Parental care and overprotection predict worry and anxiety symptoms in emerging adult students.,10.1016/j.actpsy.2024.104398
Europe PMC,2023,Problematic social media use is associated with depression and similar to behavioral addictions: Physiological and behavioral evidence.,10.1016/j.addbeh.2023.107781
Europe PMC,2018,Emotional and cognitive correlates of hating among adolescents: An exploratory study.,10.1016/j.adolescence.2018.08.002
Europe PMC,2014,A study of worry and functional somatic symptoms in generalized anxiety disorder.,10.1016/j.ajp.2014.05.011
OpenAlex,2020,Trouble anxiété généralisée chez une patiente atteinte de sclérose en plaques : prise en charge par thérapie cognitivo-comportementale et émotionnelle,10.1016/j.amp.2018.11.010
OpenAlex,2021,"Événements traumatogènes, âge de survenue, symptômes anxio-dépressifs et comportements addictifs dans un échantillon de jeunes adultes recruté en ligne",10.1016/j.amp.2020.12.002
OpenAlex,2022,"Worry, anger rumination, ego-strength and adjustment to heart disease",10.1016/j.amp.2022.05.003
OpenAlex,2023,Effets de la thérapie d’Intégration du Cycle de Vie sur l’anxiété et la régulation émotionnelle : premiers éléments d’évaluation à partir d’une étude de cas pragmatique,10.1016/j.amp.2023.04.006
OpenAlex,2024,"Online, group, low-intensity psychological intervention for adults, children, and parents with food allergy",10.1016/j.anai.2024.07.025
OpenAlex,2014,76. The influence of running volume on CD4+ T cell subpopulations and the role of stress,10.1016/j.bbi.2014.06.096
Europe PMC,2021,Basal and LPS-stimulated inflammatory markers and the course of anxiety symptoms.,10.1016/j.bbi.2021.09.001
Europe PMC,2017,Internet-Based Extinction Therapy for Worry: A Randomized Controlled Trial.,10.1016/j.beth.2016.07.003
Europe PMC,2025,An Internet-Delivered Rumination-Focused CBT Intervention for Adults With Depression and Anxiety: A Randomized Controlled Trial.,10.1016/j.beth.2024.12.004
Europe PMC,2014,Proneness to worry is negatively associated with blood pressure and baroreflex sensitivity: further evidence of the blood pressure emotional dampening hypothesis.,10.1016/j.biopsycho.2013.11.005
Europe PMC,2010,Treating chronic worry: Psychological and physiological effects of a training programme based on mindfulness.,10.1016/j.brat.2010.05.012
Europe PMC,2010,Transdiagnostic Internet treatment for anxiety disorders: A randomized controlled trial.,10.1016/j.brat.2010.05.014
Europe PMC,2014,Repetitive negative thinking as a transdiagnostic factor in depression and anxiety: A conceptual replication.,10.1016/j.brat.2014.06.004
Europe PMC,2016,Reductions in experiential avoidance as a mediator of change in symptom outcome and quality of life in acceptance-based behavior therapy and applied relaxation for generalized anxiety disorder.,10.1016/j.brat.2016.09.012
Europe PMC,2019,Transcutaneous vagus nerve stimulation does not affect attention to fearful faces in high worriers.,10.1016/j.brat.2018.12.009
Europe PMC,2021,Pilot randomized trial of self-guided virtual reality exposure therapy for social anxiety disorder.,10.1016/j.brat.2021.103984
OpenAlex,2014,Key Points in Managing Late-Life Anxiety,10.1016/j.carage.2014.09.002
OpenAlex,2019,Intolerance of Uncertainty–Focused Treatment for Adolescents With Excessive Worry: A Pilot Feasibility Study,10.1016/j.cbpra.2019.06.002
Europe PMC,2013,A meta-analysis of cognitive therapy for worry in generalized anxiety disorder.,10.1016/j.cpr.2012.10.008
Europe PMC,2019,Detection of anxiety symptoms in persons with dementia: A systematic review.,10.1016/j.dadm.2019.02.005
OpenAlex,2024,Psychopathology and coping strategies in MASLD-related compensated advanced chronic liver disease,10.1016/j.dld.2024.01.090
OpenAlex,2026,Psychological vulnerability is associated with compensated advanced chronic liver disease (cACLD) in patients with metabolic dysfunction–associated steatotic liver disease (MASLD): a Case Control study,10.1016/j.dld.2026.07.066
OpenAlex,2013,Surfez sur la douleur chronique avec la thérapie d’acceptation et d’engagement (ACT) !,10.1016/j.douler.2013.07.006
Europe PMC,2015,Confirmatory factor analysis and psychometric properties of the Yale-Brown-Cornell Eating Disorders Scale Self-Report version (SR-YBC-EDS) in Spanish clinical and non-clinical samples.,10.1016/j.eatbeh.2014.12.005
Europe PMC,2016,Parental quality of life in complex paediatric neurologic disorders of unknown aetiology.,10.1016/j.ejpn.2016.05.007
Europe PMC,2023,"Worse psychological traits associated with higher probability of emotional problems during the Omicron pandemic in Tianjin, China.",10.1016/j.ejpsy.2022.09.002
Europe PMC,2013,[Adjustment disorders with anxiety. Clinical and psychometric characteristics in patients consulting a general practitioner].,10.1016/j.encep.2012.10.004
Europe PMC,2014,[An integrative and transdiagnostic relaxation protocol for anxious patients. Results of a pilot study].,10.1016/j.encep.2014.07.001
OpenAlex,2021,Fear of cancer recurrence and quality of life among gynaecological cancer survivors under treatment,10.1016/j.enfcli.2020.09.015
Europe PMC,2014,"The impact of intolerance of uncertainty, worry and irritability on quality of life in persons with epilepsy: irritability as mediator.",10.1016/j.eplepsyres.2014.07.002
OpenAlex,2021,"Verbal and practical intelligence in general anxiety, obsessive compulsive and major depression disorders",10.1016/j.erap.2021.100630
Europe PMC,2022,Regulation strategies during COVID-19 quarantine: The mediating effect of worry on the links between coping strategies and anxiety.,10.1016/j.erap.2021.100671
OpenAlex,2025,W6. ALLELIC VARIATION IN NTRK2 PREDISPOSES TO GENERALIZED ANXIETY AND PASSIVE AVOIDANCE BEHAVIOR,10.1016/j.euroneuro.2025.08.372
OpenAlex,2014,Métacognition et dépression : validation d’une version française du MCQ-30 en population clinique,10.1016/j.eurpsy.2014.09.251
OpenAlex,2016,A research on anxiety disorder prevalence and severity among vestibuler migraine and migraine patients,10.1016/j.eurpsy.2016.01.1117
OpenAlex,2017,Assessment of test anxiety in Portuguese adolescents: Psychometric properties of the Cognitive Test Anxiety Revised,10.1016/j.eurpsy.2017.01.424
OpenAlex,2017,"Cross-cultural adaptation, reliability, and validity of the revised Korean version of Ruminative Response Scale",10.1016/j.eurpsy.2017.01.720
Europe PMC,2014,"Prediction of insomnia severity based on cognitive, metacognitive, and emotional variables in college students.",10.1016/j.explore.2014.04.005
OpenAlex,2014,Naturopathic Medicine,10.1016/j.explore.2014.05.003
Europe PMC,2014,Comorbidity of fear of progression and anxiety disorders in cancer patients.,10.1016/j.genhosppsych.2014.08.006
Europe PMC,2019,Physical activity correlates among older adults with probable generalized anxiety disorder: Results from The Irish Longitudinal Study on Ageing.,10.1016/j.genhosppsych.2019.04.012
Europe PMC,2025,The prospective relationship between dispositional mindfulness and health complaints in cardiac patients recovering from revascularization.,10.1016/j.genhosppsych.2025.11.006
Europe PMC,2023,"Stress, anxiety, and illness perception in patients experiencing delay in operative care due to the COVID-19 pandemic.",10.1016/j.gore.2023.101245
Europe PMC,2024,A clinical study based on bidirectional Mendelian randomization: Correlation between generalized anxiety disorder and weight-bearing joints osteoarthritis.,10.1016/j.heliyon.2024.e32988
Europe PMC,2025,Should we worry about how we measure worry? Insights from an updated version of the Italian Penn State Worry Questionnaire.,10.1016/j.ijchp.2025.100579
Europe PMC,2026,"Synergising latent profile analysis and network analysis to elucidate the relationships among emotion dysregulation, post-traumatic stress disorder, dissociation, psychosis, and affective symptoms in individuals with trauma and severe mental illness.",10.1016/j.ijchp.2026.100714
Europe PMC,2021,Parasympathetic cardiac control and attentional focus in trait worry.,10.1016/j.ijpsycho.2020.05.002
Europe PMC,2020,Psychophysiological correlates of anxious apprehension: Trait worry is associated with startle response to threat.,10.1016/j.ijpsycho.2020.09.020
Europe PMC,2021,Changes in sleep structure and sleep spindles are associated with the neuropsychiatric profile in paradoxical insomnia.,10.1016/j.ijpsycho.2021.07.626
Europe PMC,2016,Internet-delivered acceptance-based behavior therapy for generalized anxiety disorder: A pilot study.,10.1016/j.invent.2016.08.004
Europe PMC,2022,"Worry-specific versus self-tailored internet-based treatments for generalized anxiety disorder, with scheduled support or support on demand: A pilot factorial design trial.",10.1016/j.invent.2022.100531
Europe PMC,2011,Subthreshold anxiety better defined by symptom self-report than by diagnostic interview.,10.1016/j.jad.2010.09.006
Europe PMC,2013,"White matter integrity alterations in first episode, treatment-naive generalized anxiety disorder.",10.1016/j.jad.2012.11.060
Europe PMC,2013,Reference values for anxiety questionnaires: the Leiden Routine Outcome Monitoring Study.,10.1016/j.jad.2013.05.031
Europe PMC,2014,"Observing nonreactively: a conditional process model linking mindfulness facets, cognitive emotion regulation strategies, and depression and anxiety symptoms.",10.1016/j.jad.2014.04.024
Europe PMC,2019,"The multidimensional nature of adult social inhibition: Inhibition, sensitivity and withdrawal facets of the SIQ15.",10.1016/j.jad.2018.11.035
Europe PMC,2019,Worry and anger are associated with latent classes of problematic smartphone use severity among college students.,10.1016/j.jad.2018.12.047
OpenAlex,2019,Points that need attention in quantitative EEG gamma synchronization,10.1016/j.jad.2019.02.054
Europe PMC,2019,Associations between grip strength and generalized anxiety disorder in older adults: Results from the Irish longitudinal study on ageing.,10.1016/j.jad.2019.05.043
Europe PMC,2019,When worry may be good for you: Worry severity and limbic-prefrontal functional connectivity in late-life generalized anxiety disorder.,10.1016/j.jad.2019.07.022
Europe PMC,2020,Metacognitions and repetitive negative thinking in bipolar disorder and healthy controls: A comparative study.,10.1016/j.jad.2020.07.013
Europe PMC,2021,Resistance exercise training among young adults with analogue generalized anxiety disorder.,10.1016/j.jad.2020.12.020
Europe PMC,2021,"Metacognitions, rumination, and worry in personality disorder.",10.1016/j.jad.2021.06.024
Europe PMC,2021,High worry in pregnancy predicts postpartum depression.,10.1016/j.jad.2021.07.009
Europe PMC,2024,Maternal affective symptoms and sleep quality have sex-specific associations with placental topography.,10.1016/j.jad.2024.05.108
Europe PMC,2025,Personalized assessment of eating disorder cognitions during treatment: A new measure of cognitive pathology change.,10.1016/j.jad.2024.09.103
Europe PMC,2025,Effectiveness of mindfulness-based cognitive therapy for treating generalized anxiety disorder and the moderating influence of abuse during childhood: A randomized controlled trial.,10.1016/j.jad.2025.02.103
Europe PMC,2025,Validation of the state-brief-penn state worry questionnaire.,10.1016/j.jad.2025.04.005
Europe PMC,2026,Differential cerebral white matter tract alterations in generalized anxiety disorder revealed by ultra-high-field 7 T diffusion-weighted imaging.,10.1016/j.jad.2026.121989
Europe PMC,2026,Resistance exercise training compared to a low-intensity sham for depressive symptoms in young women with analogue generalized anxiety disorder: A randomized controlled trial.,10.1016/j.jad.2026.122228
Europe PMC,2013,The peaceful mind program: a pilot test of a cognitive-behavioral therapy-based intervention for anxious patients with dementia.,10.1016/j.jagp.2013.01.007
Europe PMC,2014,"Alcohol use, anxiety, and insomnia in older adults with generalized anxiety disorder.",10.1016/j.jagp.2013.04.001
Semantic Scholar,2015,"Elevated Worry Is Associated with Better, Not Worse, Cognitive Performance in Old Community-Residing Adults Reporting Elevated Symptoms of Anxiety or Depression",10.1016/j.jagp.2014.12.173
Europe PMC,2015,Barriers to Mental Health Treatment in Rural Older Adults.,10.1016/j.jagp.2015.06.002
Europe PMC,2016,Calmer Life: A Culturally Tailored Intervention for Anxiety in Underserved Older Adults.,10.1016/j.jagp.2016.03.008
Europe PMC,2016,"Efficacy of Cognitive Behavioral Therapy for Generalized Anxiety Disorder in Older Adults: Systematic Review, Meta-Analysis, and Meta-Regression.",10.1016/j.jagp.2016.06.006
Europe PMC,2016,Emotion Reactivity and Cerebrovascular Burden in Late-Life GAD: A Neuroimaging Study.,10.1016/j.jagp.2016.07.015
Europe PMC,2022,Are All Anxieties Created Equal? Stress-related Networks and Anxiety Phenotypes in Old Age.,10.1016/j.jagp.2021.12.007
Europe PMC,2022,Long-Term Effects of Cognitive-Behavioral Therapy and Yoga for Worried Older Adults.,10.1016/j.jagp.2022.02.002
Europe PMC,2020,The Psychosocial Impact of Food Protein-Induced Enterocolitis Syndrome.,10.1016/j.jaip.2020.06.011
OpenAlex,2011,S2‐01‐04: Cognitive behavioral treatment of anxiety in mild to moderate dementia,10.1016/j.jalz.2011.05.806
OpenAlex,2013,P4–188: The Trajectory‐Related Early Alzheimer's Database (TREAD) study,10.1016/j.jalz.2013.05.1579
OpenAlex,2017,[P3–305]: THE RELATIONSHIP BETWEEN SUBJECTIVE MEMORY COMPLAINTS AND AFFECTIVE SYMPTOMS IN MEXICAN AMERICANS WITH MILD COGNITIVE IMPAIRMENT,10.1016/j.jalz.2017.06.1520
OpenAlex,2018,P2‐554: CHARACTERIZATION OF WORRY AND ITS EFFECT ON COGNITION IN MEXICAN AMERICAN WOMEN,10.1016/j.jalz.2018.06.1249
OpenAlex,2018,P3‐498: CHARACTERIZATION OF WORRY AND COGNITION IN MEXICAN AMERICAN WOMEN,10.1016/j.jalz.2018.06.1862
OpenAlex,2019,P4‐374: DEPRESSIVE AND ANXIETY SYMPTOM VARIABILITY ATTENUATES MEMORY AND EXECUTIVE FUNCTION MEASURE DECLINE ESTIMATES IN COGNITIVELY UNIMPAIRED OLDER ADULTS,10.1016/j.jalz.2019.06.4045
Europe PMC,2011,"Hoarding behaviors among nonclinical elderly adults: correlations with hoarding cognitions, obsessive-compulsive symptoms, and measures of general psychopathology.",10.1016/j.janxdis.2011.08.002
Europe PMC,2012,Dimensional indicators of generalized anxiety disorder severity for DSM-V.,10.1016/j.janxdis.2011.12.007
Europe PMC,2012,"The online version of the Dutch Penn State Worry Questionnaire: factor structure, predictive validity and reliability.",10.1016/j.janxdis.2012.08.002
Europe PMC,2013,Information processing bias and pharmacotherapy outcome in older adults with generalized anxiety disorder.,10.1016/j.janxdis.2012.10.007
Europe PMC,2013,Concordance of self- and proxy-rated worry and anxiety symptoms in older adults with dementia.,10.1016/j.janxdis.2012.11.001
Europe PMC,2014,Examining the latent structure of worry and generalized anxiety in a clinical sample.,10.1016/j.janxdis.2013.11.003
Europe PMC,2014,Comparison of the Penn State Worry Questionnaire (PSWQ) and abbreviated version (PSWQ-A) in a clinical and non-clinical population of older adults.,10.1016/j.janxdis.2014.07.005
Europe PMC,2014,Predictors of CBT outcome in older adults with GAD.,10.1016/j.janxdis.2014.09.012
Europe PMC,2016,Factor mixture modeling of the Penn State Worry Questionnaire: Evidence for distinct classes of worry.,10.1016/j.janxdis.2015.11.001
Europe PMC,2017,Metacognitive therapy versus disorder-specific CBT for comorbid anxiety disorders: A randomized controlled trial.,10.1016/j.janxdis.2017.06.004
Europe PMC,2020,Neurocognitive predictors of long-term outcome in CBT for late life generalized anxiety disorder.,10.1016/j.janxdis.2020.102246
Europe PMC,2020,"Psychometric properties of the Intolerance of Uncertainty Scale-12 in generalized anxiety disorder: Assessment of factor structure, measurement properties and clinical utility.",10.1016/j.janxdis.2020.102309
Europe PMC,2020,Working out the worries: A randomized controlled trial of high intensity interval training in generalized anxiety disorder.,10.1016/j.janxdis.2020.102311
Europe PMC,2021,From psychological to physical health: Exploring temporal precedence throughout emotion regulation therapy.,10.1016/j.janxdis.2021.102403
Europe PMC,2022,Mindfulness-based cognitive group therapy for treatment-refractory anxiety disorder: A pragmatic randomized controlled trial.,10.1016/j.janxdis.2022.102599
Europe PMC,2021,Randomized pilot trial of cognitive-behavioral therapy and acceptance-based behavioral therapy in the treatment of Spanish-speaking Latino primary care patients with generalized anxiety disorder.,10.1016/j.jbct.2020.11.007
Europe PMC,2010,Factor structure of the Dutch version of the Penn State Worry Questionnaire.,10.1016/j.jbtep.2010.02.009
Europe PMC,2012,An experimental investigation of the role of negative mood in worry: the role of appraisals that facilitate systematic information processing.,10.1016/j.jbtep.2011.12.002
Europe PMC,2015,Evaluation of a brief 4-session psychoeducation procedure for high  worriers based on the mood-as-input hypothesis.,10.1016/j.jbtep.2014.09.008
Europe PMC,2015,Dissociation between the cognitive and interoceptive components of mindfulness in the treatment of chronic worry.,10.1016/j.jbtep.2015.04.001
Europe PMC,2014,"The comparative clinical study of efficacy of Gamisoyo-San (Jiaweixiaoyaosan) on generalized anxiety disorder according to differently manufactured preparations: multicenter, randomized, double blind, placebo controlled trial.",10.1016/j.jep.2014.10.024
OpenAlex,2022,Psychometric properties of the Italian version of the climate change worry scale,10.1016/j.joclim.2022.100140
Europe PMC,2024,Psychometric properties of the French version of the climate change worry scale.,10.1016/j.joclim.2024.100361
OpenAlex,2020,The Persian version of the Dimensional Obsessive-Compulsive Scale (P-DOCS): A psychometric evaluation,10.1016/j.jocrd.2020.100522
OpenAlex,2020,Psychometric evaluation of the Vancouver Obsessional-Compulsive Inventory (VOCI) and its adaptation based on the DSM-5 in Iranian patients with obsessive-compulsive disorder,10.1016/j.jocrd.2020.100536
OpenAlex,2014,(160) Are mindfulness and pain catastrophizing unique constructs?,10.1016/j.jpain.2014.01.066
OpenAlex,2021,"August 11, 2021",10.1016/j.jpainsymman.2021.08.006
Europe PMC,2022,Visual worry in patients with schizophrenia.,10.1016/j.jpsychires.2022.07.007
Europe PMC,2023,Abnormal multi-layered dynamic cortico-subcortical functional connectivity in major depressive disorder and generalized anxiety disorder.,10.1016/j.jpsychires.2023.10.004
Europe PMC,2025,Is emotional neglect the first psychological threat? Differentiating ICD-11 PTSD and complex PTSD with comorbid anxiety and depression.,10.1016/j.jpsychires.2025.09.017
Europe PMC,2026,"Anxiety sensitivity in late-life depression. Links to cognitive impairment, insomnia, and health-related quality of life.",10.1016/j.jpsychires.2025.12.012
OpenAlex,2022,The need for controllability and predictability questionnaire: Psychometric properties and first findings in a clinical sample,10.1016/j.jpsychores.2022.110829
OpenAlex,2026,Emotion dysregulation and repetitive negative thinking in outpatients with cardiovascular diseases: An exploratory cross-sectional study,10.1016/j.jpsychores.2026.112788
OpenAlex,2013,Traitement du trouble d’anxiété généralisée chez des individus présentant un trouble bipolaire : un protocole à cas unique,10.1016/j.jtcc.2012.11.003
OpenAlex,2016,Utilidad de etomidato en paciente con síndrome de Cushing con hipertensión arterial e hipopotasemia graves,10.1016/j.medin.2016.05.005
OpenAlex,2018,Generalized Anxiety Disorder-7 (GAD-7) in people with infertility: A reliability and validity study,10.1016/j.mefs.2018.01.013
OpenAlex,2020,Acute and chronic effects of resistance exercise training among young adults with and without analogue Generalized Anxiety Disorder: A protocol for pilot randomized controlled trials,10.1016/j.mhpa.2020.100321
OpenAlex,2020,Sprint interval training in young adult males with & without elevated worry,10.1016/j.mhpa.2020.100328
OpenAlex,2024,Associations of physical activity and sedentary time with craving and mental health in individuals with alcohol use disorder,10.1016/j.mhpa.2024.100589
Europe PMC,2026,Development and validation of the psychological safety in nursing simulation (PSSANS) tool.,10.1016/j.nedt.2026.106993
Europe PMC,2012,Riluzole effect on occipital cortex: a structural and spectroscopy pilot study.,10.1016/j.neulet.2012.09.054
Europe PMC,2014,Reduced hippocampal N-acetyl-aspartate (NAA) as a biomarker for overweight.,10.1016/j.nicl.2013.12.014
PubMed,2018,The verbal nature of worry in generalized anxiety: Insights from the brain.,10.1016/j.nicl.2017.12.014
OpenAlex,2012,Beliefs over control and meta-worry interact with the effect of intolerance of uncertainty on worry,10.1016/j.paid.2012.03.016
OpenAlex,2017,Intolerance of uncertainty mediates the relationship between adult attachment and worry,10.1016/j.paid.2017.02.039
OpenAlex,2018,The transdiagnostic model of worry: The mediating role of experiential avoidance,10.1016/j.paid.2018.07.011
OpenAlex,2019,Measuring repetitive thinking in Iran: Psychometric properties of Persian version of Perseverative Thinking Questionnaire,10.1016/j.paid.2019.05.012
OpenAlex,2021,"Humor and anxiety: The relationship between the comic styles, worry and general well-being",10.1016/j.paid.2021.111028
OpenAlex,2022,A bifactor approach to modeling the structure of repetitive thinking: Replication and extension,10.1016/j.paid.2021.111472
OpenAlex,2023,"Semantic and sentiment similarities contribute to construct overlaps between mindfulness, Big Five, emotion regulation, and mental health",10.1016/j.paid.2023.112241
Europe PMC,2010,"A multi-center, double-blind, randomised study of the Lavender oil preparation Silexan in comparison to Lorazepam for generalized anxiety disorder.",10.1016/j.phymed.2009.10.006
Europe PMC,2025,Influence of acute and chronic therapeutic cooling on cognitive performance and well-being.,10.1016/j.physbeh.2024.114728
Europe PMC,2026,Effectiveness of transcranial direct current stimulation with and without positive mood induction on worry and transdiagnostic cognitive-emotional processes: A randomized controlled trial.,10.1016/j.physbeh.2026.115461
Europe PMC,2014,Fear of falling during activities of daily living after total hip arthroplasty in Japanese women: a cross-sectional study.,10.1016/j.physio.2013.10.006
Europe PMC,2015,Temporal profile of brain response to alprazolam in patients with generalized anxiety disorder.,10.1016/j.pscychresns.2015.06.016
Europe PMC,2016,Penn State Worry Questionnaire - 10: A new tool for measurement-based care.,10.1016/j.psychres.2016.02.069
Europe PMC,2017,"Determination of health anxiety, anxiety, and somatosensory amplification levels in individuals with normal coronary angiography.",10.1016/j.psychres.2017.02.057
Europe PMC,2022,Predictive utility of symptom measures in classifying anxiety and depression: A machine-learning approach.,10.1016/j.psychres.2022.114534
Europe PMC,2023,Effects of resistance exercise training on depressive symptoms among young adults: A randomized controlled trial.,10.1016/j.psychres.2023.115322
Europe PMC,2024,Physical activity dose for generalized anxiety disorder &amp; worry: Results from the Irish longitudinal study on ageing.,10.1016/j.psychres.2024.115723
OpenAlex,2017,"Acute exercise effects on worry, state anxiety, and feelings of energy and fatigue among young women with probable Generalized Anxiety Disorder: A pilot study",10.1016/j.psychsport.2017.07.009
Europe PMC,2025,Acute and chronic effects of guidelines-based progressive resistance exercise training compared to a low-intensity sham attention-control on signs and symptoms among young adult women with analogue generalized anxiety disorder: Design and methods of a randomized controlled trial.,10.1016/j.psychsport.2025.102902
Europe PMC,2024,Ovarian hormones reduce the negative association between worry and cognitive control: A combined neural and behavioral investigation.,10.1016/j.psyneuen.2023.106947
OpenAlex,2013,The Role of Emotional Schema in Prediction of Pathological Worry in Iranian Students,10.1016/j.sbspro.2013.06.687
Europe PMC,2022,"Pandemic paranoia, general paranoia, and their relationships with worry and beliefs about self/others - A multi-site latent class analysis.",10.1016/j.schres.2022.01.045
Europe PMC,2011,Two year psychosocial and mental health outcomes for refugees subjected to restrictive or supportive immigration policies.,10.1016/j.socscimed.2011.02.007
OpenAlex,2013,Toward a Reflective Practice: Using Critical Incidents,10.1016/j.teln.2012.10.002
Europe PMC,2016,Rapid detection of generalized anxiety disorder and major depression in epilepsy: Validation of the GAD-7 as a complementary tool to the NDDI-E in a French sample.,10.1016/j.yebeh.2016.02.015
Semantic Scholar,2011,Accuracy of Physician's Assessment of IBS Disease Severity,10.1016/s0016-5085(11)62508-0
OpenAlex,2021,Did surgical delay due to COVD-19 affect the short- and longer-term mental health of patients?,10.1016/s0090-8258(21)00888-x
OpenAlex,2011,"Investigating the role of attentional disengagement bias in the tendency, ability and persistence of worry",10.1016/s0924-9338(11)71880-6
OpenAlex,2012,P-133 - Worry and mindfulness: the role in anxiety and depressive symptoms,10.1016/s0924-9338(12)74300-6
OpenAlex,2012,P-430 - Worry and religiosity,10.1016/s0924-9338(12)74597-2
OpenAlex,2012,"P-819 - A determination of predictive model of obsessive compulsive symptoms in students on the basis of worry, meta cognitive beliefs and maladaptive schemas",10.1016/s0924-9338(12)74986-6
OpenAlex,2012,"P-1060 - The study of factorial structure, validity and reliability of the penn state worry questionnaire (PSWQ)",10.1016/s0924-9338(12)75227-6
OpenAlex,2015,"Comparison of Clinical Characteristics of Generalized Anxiety Disorder Between Turkish Immigrants, Native Turkish and German Patients",10.1016/s0924-9338(15)32137-4
OpenAlex,2015,P.1.i.055 Generalized anxiety disorder is characterised by a non-discriminative response of the ventromedial prefrontal cortex during fear learning,10.1016/s0924-977x(15)30411-9
OpenAlex,2012,Mild Worry Symptoms Predict Decline in Learning and Memory in Healthy Older Adults: A 2-Year Prospective Cohort Study: Erratum,10.1016/s1064-7481(12)62089-2
OpenAlex,2010,Continuing Education Questions Summer 2010 JAVA,10.1016/s1552-8855(10)70061-1
Europe PMC,2015,"Effects of cognitive behaviour therapy for worry on persecutory delusions in patients with psychosis (WIT): a parallel, single-blind, randomised controlled trial with a mediation analysis.",10.1016/s2215-0366(15)00039-5
OpenAlex,2015,New treatments for psychotic disorders,10.1016/s2215-0366(15)00093-0
OpenAlex,2015,Identifying Individuals With Generalised Anxiety Disorder: A Receiver Operator Characteristic Analysis of Theoretically Relevant Measures,10.1017/bec.2015.15
OpenAlex,2021,Cognitive Behavior Therapy Targeting Intolerance of Uncertainty Versus Selective Serotonin Reuptake Inhibitor for Generalized Anxiety Disorder: A Randomized Clinical Trial,10.1017/bec.2021.16
OpenAlex,2022,Examining the relationship between perceived worry and self-efficacy in NSW department of education school counsellors,10.1017/jgc.2022.7
OpenAlex,2019,Examining social support and its relation to worry in Malaysia,10.1017/prp.2019.18
Europe PMC,2010,Neural correlates of worry in generalized anxiety disorder and in normal controls: a functional MRI study.,10.1017/s0033291709005649
Europe PMC,2021,Targeting excessive worry with internet-based extinction therapy: a randomised controlled trial with mediation analysis and economical evaluation.,10.1017/s0033291720000781
Europe PMC,2015,Experimental examination of worry among older and young adults.,10.1017/s1041610214000891
Europe PMC,2022,Evidence-based assessment of treatment outcomes for late-life generalized anxiety disorder using the Penn State Worry Questionnaire (PSWQ) and Penn State Worry Questionnaire - Abbreviated (PSWQ-A).,10.1017/s1041610221000351
OpenAlex,2023,P158: Efficacy of a self-help cognitive-behavioral therapy (GSH-CBT) guided by lay providers for generalized anxiety disorder (GAD) in older adults: preliminary results,10.1017/s1041610223003770
Europe PMC,2010,Psychometric properties and latent structure of the Portuguese version of the Penn State Worry Questionnaire.,10.1017/s113874160000398x
Europe PMC,2013,Therapist behaviours in internet-delivered cognitive behaviour therapy: analyses of e-mail correspondence in the treatment of generalized anxiety disorder.,10.1017/s1352465812000240
Europe PMC,2014,Meta-worry in adolescents: examination of the psychometric properties of the meta-worry questionnaire in an adolescent sample.,10.1017/s1352465813000374
Europe PMC,2016,A Preliminary Investigation into Worry about Mental Health: Development of the Mental Health Anxiety Inventory.,10.1017/s1352465815000454
Europe PMC,2019,Neuroticism and Somatic Complaints: Concomitant Effects of Rumination and Worry.,10.1017/s1352465818000619
Europe PMC,2019,A Feasibility Open Trial of a Brief Internet-Delivered Written Exposure Therapy for Worry.,10.1017/s1352465818000693
Europe PMC,2019,Effect of Worry Level on Recall Memory for Odors in ApoE-ε4 Carriers and Non-Carriers.,10.1017/s1355617719000158
OpenAlex,2019,Cognitive behavioural therapy for worry in young individuals with at-risk mental states: a preliminary investigation,10.1017/s1754470x19000229
OpenAlex,2022,Further development of the intolerance of uncertainty model of GAD: a case series,10.1017/s1754470x21000374
Europe PMC,2016,Psychometric Properties of the Spanish Adaptation of the Anger Rumination Scale: Evidence of Reliability and Validity in the General Population.,10.1017/sjp.2016.17
Europe PMC,2019,Pathological Worry in Portugal: The Portuguese Version of the Penn State Worry Questionnaire (PSWQ).,10.1017/sjp.2019.61
OpenAlex,2014,Hungarian Validation of the Penn State Worry Questionnaire (PSWQ),10.1027/1015-5759/a000221
OpenAlex,2020,Validity of Brief Scales for Assessing Transdiagnostic Cognitive Emotion Regulation Strategies in Primary Care Patients With Emotional Disorders,10.1027/1015-5759/a000584
OpenAlex,2022,"Factor Structure and Measurement Invariance Across Age, Gender, and Clinical Status of the Screen for Children Anxiety Related Emotional Disorders",10.1027/1015-5759/a000716
Europe PMC,2011,A randomized controlled trial of cognitive-behavioral therapy for generalized anxiety disorder with integrated techniques from emotion-focused and interpersonal therapies.,10.1037/a0022489
Europe PMC,2012,Randomized clinical trial of cognitive behavioral therapy (CBT) versus acceptance and commitment therapy (ACT) for mixed anxiety disorders.,10.1037/a0028310
Europe PMC,2013,A randomized clinical trial comparing an acceptance-based behavior therapy to applied relaxation for generalized anxiety disorder.,10.1037/a0032871
Europe PMC,2014,Psychometric properties of abbreviated and ultra-brief versions of the Penn State Worry Questionnaire.,10.1037/a0037251
Europe PMC,2015,Decentering as a potential common mechanism across two therapies for generalized anxiety disorder.,10.1037/a0038305
Europe PMC,2015,Adult attachment as a moderator of treatment outcome for generalized anxiety disorder: Comparison between cognitive-behavioral therapy (CBT) plus supportive listening and CBT plus interpersonal and emotional processing therapy.,10.1037/a0039359
Europe PMC,2025,Looking around in distress: Judgmental and attentional biases in multievidence decision making revealed in anxiety.,10.1037/abn0001018
Europe PMC,2021,Internet-delivered interpretation training reduces worry and anxiety in individuals with generalized anxiety disorder: A randomized controlled experiment.,10.1037/ccp0000660
Europe PMC,2020,Can mindfulness mechanistically target worry to improve sleep disturbances? Theory and study protocol for app-based anxiety program.,10.1037/hea0000874
Europe PMC,2016,Psychometric properties of a brief version of the Penn State Worry Questionnaire in African Americans and European Americans.,10.1037/pas0000208
Semantic Scholar,2012,Penn State Worry Questionnaire,10.1037/t01760-000
Semantic Scholar,2011,The Penn State Worry Questionnaire—French Version,10.1037/t03820-000
Semantic Scholar,2012,Revised Penn State Worry Questionnaire,10.1037/t04345-000
Semantic Scholar,2012,Penn State Worry Questionnaire for Children,10.1037/t13659-000
Semantic Scholar,2013,Penn State Worry Questionnaire-Past Week,10.1037/t16693-000
OpenAlex,2012,Penn State Worry Questionnaire—Past Day,10.1037/t37462-000
OpenAlex,2011,Penn State Worry Questionnaire--Argentinean Version,10.1037/t38170-000
OpenAlex,2010,Penn State Worry Questionnaire--Portuguese Version,10.1037/t38173-000
OpenAlex,2015,Penn State Worry Questionnaire--Hungarian Version,10.1037/t44130-000
OpenAlex,2013,Penn State Worry Questionnaire--Abbreviated Version,10.1037/t48946-000
OpenAlex,2016,Penn State Worry Questionnaire--10,10.1037/t53368-000
OpenAlex,2011,Penn State Worry Questionnaire--Ultra-Brief Version,10.1037/t54627-000
OpenAlex,2014,Penn State Worry Questionnaire--Brief Version,10.1037/t64470-000
Semantic Scholar,2019,Penn State Worry Questionnaire--German Version,10.1037/t65522-000
OpenAlex,2023,Penn State Worry Questionnaire--Portuguese Version,10.1037/t9999-97318-000
Europe PMC,2024,"Pathways towards posttraumatic stress symptomatology: A moderated mediation model including perceived stress, worry, and defense mechanisms.",10.1037/tra0001435
Europe PMC,2020,Resistance exercise training for anxiety and worry symptoms among young adults: a randomized controlled trial.,10.1038/s41598-020-74608-6
Europe PMC,2024,Autistic traits linked to anxiety and dichotomous thinking: sensory sensitivity and intolerance of uncertainty as mediators in non-clinical population.,10.1038/s41598-024-73628-w
Europe PMC,2026,The use of virtual reality technology among women undergoing intrauterine insemination: a randomized controlled study.,10.1038/s41598-025-32620-8
Europe PMC,2026,Testing the cross-cultural measurement invariance of the Penn state worry questionnaire for children (PSWQ-C) across Poland and the United States of America.,10.1038/s41598-025-34398-1
OpenAlex,2026,Disaggregating between- and within- person effects of ovarian hormones on the association between worry and error-related brain activity in a female sample,10.1038/s41598-026-63308-2
OpenAlex,2023,"Association between Kinesiophobia, Anxiety, and Chronic Neck Pain among Computer Programmers in Bangalore",10.1055/s-0043-1770072
OpenAlex,2017,Autobiographical memory specificity and general symptoms of anxiety: Indirect associations through rumination,10.1080/00207411.2017.1294968
OpenAlex,2012,The Importance of Modeling Method Effects: Resolving the (Uni)Dimensionality of the Loneliness Questionnaire,10.1080/00223891.2011.627967
OpenAlex,2012,The Loneliness Questionnaire–Short Version: An Evaluation of Reverse-Worded and Non-Reverse-Worded Items Via Item Response Theory,10.1080/00223891.2012.662188
Europe PMC,2022,The Association between Metacognitions and Worry: The Mediator Role of Experiential Avoidance Strategies.,10.1080/00223980.2022.2107977
Europe PMC,2024,The Interplay of Worry and Relationship Satisfaction to Understand Sexual Distress: An APIM Study with Heterosexual Couples Using Cross-Sectional Data.,10.1080/0092623x.2024.2391390
OpenAlex,2022,Outcomes of virtual reality technology in the management of generalised anxiety disorder: a systematic review and meta-analysis,10.1080/0144929x.2022.2118078
Europe PMC,2024,Psychometric properties of the PSWQ in a sample of pregnant and postpartum women.,10.1080/02646838.2023.2209101
OpenAlex,2021,Penn State Worry Questionnaire in emotional disorders: validation and normative data for Portuguese population,10.1080/03069885.2021.1897969
Europe PMC,2017,"Predictors of Outcomes for Older Adults Participating in Calmer Life, a Culturally Tailored Intervention for Anxiety.",10.1080/07317115.2017.1291547
OpenAlex,2017,Examining Prefrontal Cortex Activity and Tonic Anxiety in Alcohol Use Disorder Recovery: A Functional Near Infrared Spectroscopy Study,10.1080/07347324.2017.1322422
Europe PMC,2026,The mediating effect of emotion regulation on the relationship between childhood trauma and physical and cognitive symptoms in cancer patients and survivors.,10.1080/07347332.2026.2661039
Europe PMC,2017,Associations between chronotypes and psychological vulnerability factors of depression.,10.1080/07420528.2017.1345932
Europe PMC,2020,"Impairments in life satisfaction in infertility: Associations with perceived stress, affectivity, partnership quality, social support and the desire to have a child.",10.1080/08964289.2018.1564897
Europe PMC,2017,Association of CD4+ T cell subpopulations and psychological stress measures in women living with HIV.,10.1080/09540121.2017.1281880
Europe PMC,2016,A transdiagnostic investigation of emotional distress after traumatic brain injury.,10.1080/09602011.2015.1037772
Europe PMC,2021,A randomized controlled trial of a smartphone-based application for the treatment of anxiety.,10.1080/10503307.2020.1790688
Europe PMC,2024,Enhancing the effectiveness of CBT for patients with unipolar depression by integrating digital interventions into treatment: A pilot randomized controlled trial.,10.1080/10503307.2023.2277866
Europe PMC,2014,Serotonin transporter and BDNF polymorphisms interact to predict trait worry.,10.1080/10615806.2014.909928
PubMed,2017,Yin yoga and mindfulness: a five week randomized controlled study evaluating the effects of the YOMI program on stress and worry.,10.1080/10615806.2017.1301189
Europe PMC,2024,The relationship between worry and academic performance: examining the moderating role of attention control.,10.1080/10615806.2024.2308673
Europe PMC,2020,Worry as a Mechanism to Motivate Information Seeking about Protective End-of-Life Communication Behaviors.,10.1080/10810730.2020.1765222
Europe PMC,2020,Hating Adolescents Test (HAT): a preliminary development of a measure to assess hating among adolescents.,10.1080/13218719.2020.1719374
Europe PMC,2022,"Insomnia is associated with worry, cognitive avoidance and low academic engagement in Argentinian university students during the COVID-19 social isolation.",10.1080/13548506.2020.1869796
Europe PMC,2012,Assessment of anxiety in older adults: a systematic review of commonly used measures.,10.1080/13607863.2011.602960
Europe PMC,2017,Group cognitive behavioral therapy targeting intolerance of uncertainty: a randomized trial for older Chinese adults with generalized anxiety disorder.,10.1080/13607863.2016.1222349
Europe PMC,2020,Psychometric properties of worry and anxiety measures in a sample of african american and caucasian older adults.,10.1080/13607863.2018.1544217
Europe PMC,2023,Mindfulness attenuates the impact of worry on late-life cognitive function.,10.1080/13607863.2021.2017851
Europe PMC,2025,Cognitive correlates of caregiver fear of falling.,10.1080/13607863.2025.2468894
Europe PMC,2024,Suicide ideation and male-female differences in major depressive disorder.,10.1080/13651501.2024.2335950
OpenAlex,2018,Adherence to Islamic lifestyle as a cost-effective treatment for depression,10.1080/13674676.2018.1551342
OpenAlex,2026,Metacognitive beliefs and sexual dissatisfaction in women: an explorative study in a non-clinical population,10.1080/14681994.2026.2687537
Europe PMC,2017,Usefulness of self-report questionnaires for psychological assessment of patients with tinnitus and hyperacusis and patients' views of the questionnaires.,10.1080/14992027.2017.1298850
Europe PMC,2018,Examining How Racial Discrimination Impacts Sleep Quality in African Americans: Is Perseveration the Answer?,10.1080/15402002.2016.1228648
Europe PMC,2011,Guided internet-delivered cognitive behavior therapy for generalized anxiety disorder: a randomized controlled trial.,10.1080/16506073.2011.576699
Europe PMC,2011,Psychometric comparison of the generalized anxiety disorder scale-7 and the Penn State Worry Questionnaire for measuring response during treatment of generalised anxiety disorder.,10.1080/16506073.2011.582138
Europe PMC,2025,Do treatment responders maintain their gains following a randomized clinical trial comparing an acceptance-based behavior therapy to applied relaxation for generalized anxiety disorder?,10.1080/16506073.2024.2417423
Europe PMC,2025,"Examining interrelations among trajectories of mindful awareness, acceptance, and values-consistent actions in acceptance-based behavioral therapy for generalized anxiety disorder.",10.1080/16506073.2024.2423654
Europe PMC,2026,Internet-delivered cognitive behavioral therapy for adolescents with excessive worry: a randomized controlled trial with mediation analysis.,10.1080/16506073.2025.2515196
Europe PMC,2025,Physical exercise augments cognitive behaviour therapy for older adults with generalized anxiety disorder: a randomized controlled trial.,10.1080/16506073.2025.2592230
Europe PMC,2021,The Mass Media Used by University Students for Becoming Informed about Disaster News and the Effects of Disaster News on Quaternary Victimization: The Example of Burdur Province in Turkey.,10.1080/19371918.2020.1864557
OpenAlex,2021,Does self-compassion relate to the fear of the future during the 2020 coronavirus pandemic? A cross-cultural study,10.1080/23311908.2021.1976438
OpenAlex,2023,"The network structure of dysfunctional metacognitions, CAS strategies, and symptoms",10.1080/23311908.2023.2205258
OpenAlex,2020,Internet-based self-help using automatic messages and support on demand for generalized anxiety disorder: an open pilot study,10.1080/2575517x.2020.1822730
Europe PMC,2021,"Association between Spirituality, Religiosity, Spiritual Pain, Symptom Distress, and Quality of Life among Latin American Patients with Advanced Cancer: A Multicenter Study.",10.1089/jpm.2020.0776
Europe PMC,2011,"Relationships among depression, anxiety, and insomnia symptoms in perinatal women seeking mental health treatment.",10.1089/jwh.2010.2371
Europe PMC,2021,Using the Penn State Worry Questionnaire in the Peripartum.,10.1089/jwh.2020.8669
OpenAlex,2024,Problematic Internet Use and Mental Health: The Road to Violence,10.1089/vio.2023.0059
OpenAlex,2022,249 MINIMALLY-EFFECTIVE PHYSICAL ACTIVITY DOSE FOR GENERALIZED ANXIETY DISORDER AMONG OLDER ADULTS: PRELIMINARY FINDINGS FROM THE IRISH LONGITUDINAL STUDY ON AGEING,10.1093/ageing/afac218.218
OpenAlex,2016,Assessment of obsessive thoughts and worries in women with breast cancer,10.1093/annonc/mdw337.38
OpenAlex,2022,A-193 Median- and Robust Statistics-based Attention Indices Outperform Mean-based Counterparts in Predicting Anxiety,10.1093/arclin/acac060.193
OpenAlex,2023,B - 59 Testing the Cognitive Model of Pathological Worry as an Explanation for Increased Worry among the Oldest Old,10.1093/arclin/acad067.265
OpenAlex,2017,A-77The Effects of Cannabis and Anxiety on Neurocognitive Functioning,10.1093/arclin/acx076.77
OpenAlex,2021,The Impact of Covid-19 Pandemic on Family Cohesion. Results from an International Study,10.1093/eurpub/ckab165.128
OpenAlex,2020,The Penn State Worry Questionnaire Is Invariant Across Age Groups,10.1093/geroni/igaa057.1198
OpenAlex,2020,The Who and When of Worry: The Fading Impact of Gender on Worry and Anxiety Severity Among Older Adults,10.1093/geroni/igaa057.1199
OpenAlex,2020,"Objective and Subjective Cognitive Function, and Relations With Quality of Life and Psychological Distress",10.1093/geroni/igaa057.982
Semantic Scholar,2021,Care Recipient Diagnosis Moderates the Relationship Between Caregiver Worry and Vigilance,10.1093/geroni/igab046.3466
OpenAlex,2021,Care Recipient Diagnosis Moderates the Relationship Between Caregiver Worry and Vigilance,10.1093/geroni/igab046.3471
OpenAlex,2023,A RANDOMIZED CONTROLLED TRIAL OF SELF-HELP GUIDED BY LAY PROVIDERS FOR GENERALIZED ANXIETY DISORDER IN OLDER ADULTS,10.1093/geroni/igad104.2142
OpenAlex,2018,"TREATMENT OUTCOME OF CALMER LIFE, AN INTERVENTION TARGETING WORRY IN SENIORS FROM LOW-INCOME, MINORITY COMMUNITIES",10.1093/geroni/igy023.1732
Europe PMC,2018,Physical activity and generalized anxiety disorder: results from The Irish Longitudinal Study on Ageing (TILDA).,10.1093/ije/dyy141
Europe PMC,2022,Beliefs About Worry and Pain Amongst Adolescents With and Without Chronic Pain.,10.1093/jpepsy/jsab109
OpenAlex,2016,Generalized anxiety disorder assessment measures,10.1093/med:psych/9780198758846.003.0002
OpenAlex,2014,The GAD-7 questionnaire,10.1093/occmed/kqt161
OpenAlex,2020,0454 Sleep Disruptive Cognitions in Deployment-Related Insomnia,10.1093/sleep/zsaa056.451
OpenAlex,2021,765 Anxiety and sleep in Generalized Anxiety Disorder with and without Insomnia Disorder,10.1093/sleep/zsab072.762
OpenAlex,2024,0107 Bedtime Procrastination Mediates the Association Between Repetitive Negative Thoughts and Insomnia Symptoms,10.1093/sleep/zsae067.0107
OpenAlex,2019,0760 Sleep Spindle Density in Generally Anxious Children and Healthy Controls,10.1093/sleep/zsz067.758
OpenAlex,2017,0346 COGNITIVE AROUSAL IN OLDER INDIVIDUALS WITH INSOMNIA COMPLAINTS AROUSAL IN OLDER INDIVIDUALS WITH INSOMNIA COMPLAINTS,10.1093/sleepj/zsx050.345
OpenAlex,2018,An fMRI Study Examining Inhibition and Threat Vigilance Among Adolescents with Severe Worry,10.1096/fasebj.2018.32.1_supplement.782.6
Europe PMC,2015,An investigation of the associations between measures of mindfulness and pain catastrophizing.,10.1097/ajp.0000000000000102
Europe PMC,2011,Early response to psychotherapy and long-term change in worry symptoms in older adults with generalized anxiety disorder.,10.1097/jgp.0b013e3181f18061
Europe PMC,2012,A randomized controlled trial of telephone-delivered cognitive-behavioral therapy for late-life anxiety disorders.,10.1097/jgp.0b013e31822ccd3e
Europe PMC,2012,Emotional stroop performance in older adults:  effects of habitual worry.,10.1097/jgp.0b013e318230340d
Europe PMC,2025,Proinflammatory Cytokine Profiles in Menière's Disease and Vestibular Migraine.,10.1097/mao.0000000000004372
Europe PMC,2013,Treating late-life generalized anxiety disorder in primary care: an effectiveness pilot study.,10.1097/nmd.0b013e31828e0fd6
Europe PMC,2025,Correlation of Depression and Anxiety Responses on the Mild Behavioral Impairment Checklist With the Cornell Scale for Depression in Dementia and Abbreviated Version of the Penn State Worry Questionnaire.,10.1097/wad.0000000000000675
Europe PMC,2012,"Screening for depression, sleep-related disturbances, and anxiety in patients with adenocarcinoma of the pancreas: a preliminary study.",10.1100/2012/650707
Europe PMC,2024,Effect of acupuncture on anxious symptoms in healthcare students with generalized anxiety disorder: A protocol for a randomized controlled clinical trial,10.1101/2024.12.23.24319558
OpenAlex,2025,Chaos and adaptive functioning for children with autism: parental worry as a mediating factor,10.1108/aia-05-2025-0043
OpenAlex,2022,"Attitudes towards COVID‐19 vaccination: A comparison between persons with different chronicity of pre‐pandemic depressive, anxiety or obsessive–compulsive disorders",10.1111/acps.13399
OpenAlex,2016,"Perceived Parent and Peer Alienation and Its Relations to Anxiety Sensitivity, Pathological Worry, and Generalised Anxiety Disorder Symptoms",10.1111/ap.12183
Europe PMC,2014,Self-conscious emotions in worry and generalized anxiety disorder.,10.1111/bjc.12047
Europe PMC,2014,Development and assessment of brief versions of the Penn State Worry Questionnaire and the Ruminative Response Scale.,10.1111/bjc.12052
Europe PMC,2026,Imagery rescripting for generalized anxiety disorder: A case series.,10.1111/bjc.70073
Europe PMC,2026,Predictors of worry-related safety behaviours and avoidance.,10.1111/bjc.70075
OpenAlex,2016,Fatigue as a symptom in psoriasis and psoriatic arthritis: an observational study,10.1111/bjd.15258
Semantic Scholar,2022,Prize‐winning abstracts from BSACI/WAO 2022 meeting,10.1111/cea.14184
OpenAlex,2020,"Adult attachment, worry and reassurance seeking: Investigating the role of intolerance of uncertainty",10.1111/cp.12218
Europe PMC,2022,Changes in Life Satisfaction in Couples after Successful In vitro Fertilization and Natural Pregnancy.,10.1111/famp.12732
Europe PMC,2013,The interaction of early life experiences with COMT val158met affects anxiety sensitivity.,10.1111/gbb.12090
OpenAlex,2012,"Relationships between insomnia, negative emotionality and attention control",10.1111/j.1479-8425.2012.00567.x
Europe PMC,2021,Robot-mediated therapy to reduce worrying in persons with visual and intellectual disabilities.,10.1111/jar.12801
OpenAlex,2015,Do Acetylcholinesterase Inhibitors Increase Anxiety and Depression in Elderly Adults with Dementia?,10.1111/jgs.13567
Europe PMC,2023,"Anxiety in pregnancy and stress responsiveness: An exploratory study of heart rate variability, cortisol, and alpha-amylase in the third trimester.",10.1111/jne.13238
Europe PMC,2013,"Metacognitions, worry and attentional control in predicting OSCE performance test anxiety.",10.1111/medu.12125
Europe PMC,2014,Diagnostic utility of worry and rumination: a comparison between generalized anxiety disorder and major depressive disorder.,10.1111/pcn.12193
Europe PMC,2021,Psychometric properties of the Japanese version of the Geriatric Anxiety Inventory for community-dwelling older adults.,10.1111/psyg.12683
Europe PMC,2017,Inducing unconscious stress: Cardiovascular activity in response to subliminal presentation of threatening and neutral words.,10.1111/psyp.12891
Europe PMC,2023,The Relationship Between Health-Related Quality of Life and Lower-Extremity Visuomotor Reaction Time in Young Adult Women Following Ankle Sprain.,10.1123/jsr.2022-0199
Semantic Scholar,2017,FRI0493 Disease activity together with depression contributes to work disability in psoriatic arthritis,10.1136/annrheumdis-2017-eular.5086
OpenAlex,2017,FRI0493 Disease activity together with depression contributes to work disability in psoriatic arthritis,10.1136/annrheumdis-2017-eular.5311
OpenAlex,2017,AB0755 Depression and anxiety may contribute to higher disease activity and worse quality of life in psoriatic arthritis,10.1136/annrheumdis-2017-eular.6825
Europe PMC,2020,Cognitive effects of onabotulinumtoxinA in chronic migraine.,10.1136/bmjno-2019-000014
OpenAlex,2011,"PA.08 Investigating the role of attentional disengagement bias in the tendency, ability and persistence of worry",10.1136/jnnp-2011-300504.35
OpenAlex,2021,The Influence of Worrying on User Experience,10.1145/3473856.3473999
Europe PMC,2012,Feasibility of exercise training for the short-term treatment of generalized anxiety disorder: a randomized controlled trial.,10.1159/000327898
Europe PMC,2012,Internet-based psychodynamic versus cognitive behavioral guided self-help for generalized anxiety disorder: a randomized controlled trial.,10.1159/000339371
Europe PMC,2013,The impact of self-reported psychological stress levels on changes to peripheral blood immune biomarkers in recreational marathon runners during training and recovery.,10.1159/000346795
Semantic Scholar,2019,Common and Disorder-Specific Neurofunctional Markers of Dysregulated Empathic Reactivity in Major Depression and Generalized Anxiety Disorder,10.1159/000504180
Europe PMC,2021,A Three-Arm Randomized Clinical Trial Comparing the Efficacy of a Mindfulness-Based Intervention with an Active Comparison Group and Fluoxetine Treatment for Adults with Generalized Anxiety Disorder.,10.1159/000511880
Europe PMC,2022,"Effectiveness of an Internet-Based Self-Help Intervention versus Public Mental Health Advice to Reduce Worry during the COVID-19 Pandemic: A Pragmatic, Parallel-Group, Randomized Controlled Trial.",10.1159/000521302
OpenAlex,2020,A inter-relação entre preocupações e sintomas depressivos em adultos com ansiedade generalizada: uma análise cross-lagged,10.11606/d.47.2020.tde-02092020-174154
OpenAlex,2020,Eficácia da terapia comportamental baseada em aceitação em grupo para o transtorno de ansiedade generalizada: um ensaio clínico aleatorizado,10.11606/t.47.2020.tde-28052020-192438
Europe PMC,2013,Antidepressant medication augmented with cognitive-behavioral therapy for generalized anxiety disorder in older adults.,10.1176/appi.ajp.2013.12081104
OpenAlex,2012,Treating Social Anxiety Doesn’t Decrease Alcohol Consumption,10.1176/pn.47.13.psychnews_47_13_11-b
Europe PMC,2022,Depression and Intolerance of Uncertainty: Association with Decisional Conflict in Otolaryngology Patients.,10.1177/00034894211018914
Europe PMC,2023,Correlation Between Intolerance of Uncertainty and Post-Operative Regret in Otolaryngology Patients.,10.1177/00034894221098708
Europe PMC,2012,Effectiveness of computerised cognitive behaviour therapy for anxiety disorders in secondary care.,10.1177/0004867412437345
Europe PMC,2020,Cognitive behavioral therapy for perinatal anxiety: A randomized controlled trial.,10.1177/0004867419898528
OpenAlex,2020,Spiritual well-being and coronary artery diseases severity: Mediating effects of anger rumination and worry,10.1177/0017896920976697
Semantic Scholar,2014,Effect of Stress Management Programmes on the Health and Personality Traits of Managers—A Study of Managers in a Large PSU in India,10.1177/0019556120140211
Europe PMC,2024,Nurses' Attitudes Towards Death and Its Relationship With Anxiety Levels.,10.1177/00302228211065963
OpenAlex,2022,Validation of the Geriatric Anxiety Inventory in younger adults,10.1177/01650254211064348
Europe PMC,2021,Relationship Between Parental Intolerance of Uncertainty and Decisional Conflict in Pediatric Otolaryngologic Surgery.,10.1177/0194599820973644
Europe PMC,2014,Psychometric properties of the Generalized Anxiety Disorder Inventory in a Canadian sample.,10.1177/0269881114525672
Europe PMC,2026,Prevalence of Comorbid Postpartum Depression and Anxiety in Birthing Parents Seeking Treatment for Postpartum Depression: Prévalence de la présence comorbide de la dépression et de l'anxiété post-partum chez les parents ayant accouché qui ont consulté en raison de la dépression post-partum.,10.1177/07067437261462698
OpenAlex,2011,"Perfectionism, Rumination, Worry, and Depressive Symptoms in Early Adolescents",10.1177/0829573511422039
Europe PMC,2014,What do patients and families want from a child neurology consultation?,10.1177/0883073813511857
Europe PMC,2017,Suicidal and death ideation among adults with obsessive-compulsive disorder presenting for intensive intervention.,10.1177/104012371702900109
Europe PMC,2019,Screening for Problematic Worry in Adults With a Single Item From the Penn State Worry Questionnaire.,10.1177/1073191117694453
Europe PMC,2022,I am Worried: Do the PSWQ and PSWQ-A Display Measurement Invariance Across Four Racial Groups?,10.1177/10731911211013911
Europe PMC,2022,Measurement Invariance of Disorder-Specific and Transdiagnostic Measures of Repetitive Negative Thinking.,10.1177/10731911211028657
Europe PMC,2022,"Factor Structure, Measurement Invariance, and Concurrent Validity of the Penn State Worry Questionnaire Across Development, Psychopathology, and Culture.",10.1177/1073191121993223
Europe PMC,2026,Normative Values and Psychometric Properties of the Penn State Worry Questionnaire in Substance Use Disorder Treatment Population.,10.1177/10731911251327255
Europe PMC,2024,Psychological Distress and Treatment Outcome in Patients With Early-Stage Mycosis Fungoides.,10.1177/12034754231220913
Europe PMC,2024,Remote cognitive behavioral therapy for older adults with anxiety symptoms: A systematic review and meta-analysis.,10.1177/1357633x231151788
OpenAlex,2020,Increased Anxiety is Associated with Better Learning from Negative Feedback,10.1177/1475725720965761
Europe PMC,2011,Characteristics of generalized anxiety disorder in patients with dementia.,10.1177/1533317511426867
Europe PMC,2026,The Impact of Psychological Distress on Cognitive Function in Postmenopausal Women.,10.1177/15409996251400054
Europe PMC,2012,Perseverative negative cognitive processes are associated with depression in people with long-term conditions.,10.1177/1742395311433058
Europe PMC,2023,An evaluation of the feasibility and acceptability of sister circles as an anxiety intervention for pregnant Black women.,10.1177/17455057231185405
Europe PMC,2016,Overcoming functional impairment in postpartum depressed or anxious women: a pilot trial of desvenlafaxine with flexible dosing.,10.1177/2045125316656297
Semantic Scholar,2025,Longitudinal Associations Between Worry and Sleep Quality Among Chinese Adolescents During the COVID-19 Pandemic: A Moderated Mediation Model,10.1177/21582440251375735
Europe PMC,2022,"A Randomized Preference Trial Comparing Cognitive-Behavioral Therapy and Yoga for the Treatment of Late-Life Worry: Examination of Impact on Depression, Generalized Anxiety, Fatigue, Pain, Social Participation, and Physical Function.",10.1177/2164957x221100405
OpenAlex,2023,"Perfectionism, Academic Stress, Rumination and Worry: A Predictive Model for Anxiety and Depressive Symptoms in University Students From Colombia",10.1177/21676968231188759
Europe PMC,2014,Disorder-specific cognitive profiles in major depressive disorder and generalized anxiety disorder.,10.1186/1471-244x-14-96
Europe PMC,2014,Low-intensity internet-delivered treatment for generalized anxiety symptoms in routine care: protocol for a randomized controlled trial.,10.1186/1745-6215-15-145
Europe PMC,2022,French adaptation and validation of the Panic Disorder Severity Scale-self-report.,10.1186/s12888-022-03989-x
Europe PMC,2022,Risk factors of sleep paralysis in a population of Polish students.,10.1186/s12888-022-04003-0
Europe PMC,2024,Concentrated transdiagnostic and cross-disciplinary micro-choice based group treatment for patients with depression and with anxiety leads to lasting improvements after 12 months: a pilot study.,10.1186/s12888-024-05786-0
Europe PMC,2025,"Efficacy of CBT, intensified tDCS and their combination for reducing clinical symptoms and improving quality of life in social anxiety disorder with comorbid depression: a randomized controlled trial.",10.1186/s12888-025-06866-5
Europe PMC,2025,A 14-week structured breathing program: an investigation into its impact on psychological health parameters in university students.,10.1186/s12889-025-22585-8
Europe PMC,2019,Physical exercise augmented cognitive behaviour therapy for older adults with generalised anxiety disorder (PEXACOG): study protocol for a randomized controlled trial.,10.1186/s13063-019-3268-9
OpenAlex,2026,"Dream experiences and psychological distress: a network analysis of pathological worry, depression, anxiety, and stress",10.1186/s40359-026-05365-w
OpenAlex,2023,Basal and LPS-stimulated inflammatory markers and the course of depression and anxiety symptoms,10.1192/j.eurpsy.2023.1265
OpenAlex,2023,Suicide Attempts in Panic Disorder: Clinical Effects on Treatment Response and Link to Fear of Cognitive Dyscontrol,10.1192/j.eurpsy.2023.457
OpenAlex,2025,Metacogntive training add-on to esketamine treatment in TRD patients: effects on depressive rumination,10.1192/j.eurpsy.2025.1360
Semantic Scholar,2016,"Prevalence of depression, sleep-related disturbances, and anxiety and their effect on quality of life in patients with adenocarcinoma of the pancreas.",10.1200/jco.2009.27.15_suppl.e15678
OpenAlex,2016,"Spirituality, symptom distress and quality of life of Latin American patients with advanced cancer (LAAdCa): A multicenter study.",10.1200/jco.2016.34.15_suppl.e21656
OpenAlex,2016,"Spirituality, religiosity, spiritual pain, and quality of life among caregivers of Latin American patients with advanced cancer: A multicenter study.",10.1200/jco.2016.34.26_suppl.245
OpenAlex,2016,"Spirituality, religiosity, spiritual pain, and quality of life among Latin American patients with advanced cancer (LAAdCa): A multicenter study.",10.1200/jco.2016.34.26_suppl.246
OpenAlex,2026,Baseline predictors of treatment response in the bounce back mind-body resiliency trial for AYA cancer survivors.,10.1200/jco.2026.44.16_suppl.12101
OpenAlex,2022,"Global pandemic fear and international students: Negative thoughts, mental and physical well-being",10.1201/9781003265061-15
OpenAlex,2016,Sleep Disturbances in Patients with Myasthenia Gravis: A Prospective Study (P3.132),10.1212/wnl.86.16_supplement.p3.132
OpenAlex,2011,Short-Term Exercise Training for Treatment of Generalized Anxiety Disorder: A Randomized Controlled Trial,10.1249/01.mss.0000402733.41030.f9
OpenAlex,2016,Sex-Related Differences in Mood Responses to Acute Aerobic Exercise,10.1249/01.mss.0000488182.41844.9d
OpenAlex,2017,Acute Exercise Effects on Mood Among Young Adults with Worry Symptoms Indicative of Generalized Anxiety Disorder,10.1249/01.mss.0000517277.51142.c7
OpenAlex,2018,Associations Between Grip Strength And Generalized Anxiety Disorder,10.1249/01.mss.0000535881.89920.6e
OpenAlex,2018,Acute Exercise Effects Among Young Adults with Subclinical Generalized Anxiety Disorder,10.1249/01.mss.0000535907.33670.95
Semantic Scholar,2018,Working It Out: Acute Exercise to Combat Anxiety and Depression in Individuals Living with PTSD 1079 Board #2 May 31 8 00 AM - 10 00 AM,10.1249/01.mss.0000535908.41294.08
OpenAlex,2019,The Effectiveness of Acute Resistance Exercise Training among Young Adults with Analogue Generalized Anxiety Disorder,10.1249/01.mss.0000561432.66840.6e
OpenAlex,2019,State Anxiety and Worry Responses to a Single Sprint Before and After Sprint Interval Training,10.1249/01.mss.0000561433.43969.91
OpenAlex,2020,The Effects Of Ecologically-Valid Resistance Exercise Training Among Young Adults With Analogue Generalized Anxiety Disorder,10.1249/01.mss.0000682572.67182.03
OpenAlex,2020,Walking Away Depression And Anxiety: Results From The Irish Longitudinal Study On Ageing,10.1249/01.mss.0000682580.90995.75
OpenAlex,2022,The Effects Of Resistance Exercise Training On Sleep Quality Among Young Adults,10.1249/01.mss.0000879028.12847.52
OpenAlex,2022,The Effects Of Resistance Exercise Training On Depressive Symptoms Among Young Adults,10.1249/01.mss.0000880268.31506.e0
OpenAlex,2023,Guidelines-based Resistance Exercise Training For Feelings Of Energy And Fatigue Among Young Adults,10.1249/01.mss.0000980632.05098.3a
OpenAlex,2023,Associations Between Expectations Regarding Exercise Response And Acute And Chronic Anxiety Responses To Resistance Exercise,10.1249/01.mss.0000980652.66496.33
OpenAlex,2023,Lower Physical Activity Dose Than Recommended Reduces Odds Of Generalized Anxiety Disorder: Results From TILDA,10.1249/01.mss.0000984508.54843.ab
OpenAlex,2025,Resistance Exercise Training For Depressive Symptom Severity Among Young Women With Analogue Generalized Anxiety Disorder,10.1249/01.mss.0001155684.20732.e8
OpenAlex,2025,"Relationships Between Anhedonia-Related Symptom Severity, PTSD Symptom Severity, And Physical Activity Levels In Trauma-Exposed Adults",10.1249/01.mss.0001158976.86844.cb
OpenAlex,2025,Placebo-driven Anxiolytic Benefits Of Resistance Exercise Training Among Young Women With Subclinical Generalized Anxiety Disorder,10.1249/01.mss.0001160796.30178.98
OpenAlex,2026,Research Bites,10.1249/fit.0000000000001149
Europe PMC,2019,Acute Exercise Effects among Young Adults with Analogue Generalized Anxiety Disorder.,10.1249/mss.0000000000001860
OpenAlex,2022,Ενδοκρινικές και ψυχολογικές μεταβολές κατά την περίοδο της κύησης και της λοχείας,10.12681/eadd/51701
OpenAlex,2019,Πρόγραμμα πρόληψης της κατάθλιψης σε εφήβους,10.12681/eadd/52302
OpenAlex,2023,Neuropsychological and emotional characteristics of patients with parasomnia,10.12681/eadd/54243
OpenAlex,2020,Η Αξιολόγηση της Παραγοντικής Δομής και των Ψυχομετρικών Χαρακτηριστικών του Penn State Worry Questionnaire (PSWQ) στον Ελληνικό Πληθυσμό,10.12681/psy_hps.23721
OpenAlex,2015,The effectiveness of eye movement desensitization and reprocessing (EMDR) in reducing pathological worry in patients with generalized anxiety disorder: a preliminary study,10.12740/app/39259
Europe PMC,2019,Attentional Bias Modification Training for Patients with Generalised Anxiety Disorder: a Randomised Controlled Study.,10.12809/eaap1759
OpenAlex,2019,Assessing Worry in Children: Psychometric Evaluation of the Indonesian Version of the Penn State Worry Questionnaire for Children (PSWQ-C),10.12928/jehcp.v8i1.10527
OpenAlex,2020,Psychometric Evaluation of the Korean version of the Penn State Worry Questionnaire with a Sample of University Students,10.12934/jkpmhn.2020.29.4.296
OpenAlex,2018,Contrast avoidance model: relationship to intolerance of uncertainty and fear of change,10.13016/m28idc-7yjt
OpenAlex,2020,"An Empirical Investigation into Pathological Worry and Rumination: Guilt, Shame, Depression, and Anxiety",10.13133/2724-2943/17229
Europe PMC,2011,Worry and problem-solving skills and beliefs in primary school children.,10.1348/014466510x523887
Europe PMC,2010,Characteristics of adults with anxiety or depression treated at an internet clinic: comparison with a national survey and an outpatient clinic.,10.1371/journal.pone.0010885
Europe PMC,2010,Internet treatment for generalized anxiety disorder: a randomized controlled trial comparing clinician vs. technician assistance.,10.1371/journal.pone.0010942
Europe PMC,2017,"Associations between quality of life, physical activity, worry, depression and insomnia: A cross-sectional designed study in healthy pregnant women.",10.1371/journal.pone.0178181
Europe PMC,2020,Interrogative suggestibility in the elderly.,10.1371/journal.pone.0241353
Europe PMC,2021,Psychosocial impacts of COVID-19 in the Guinean population. An online cross-sectional survey.,10.1371/journal.pone.0245751
Europe PMC,2024,Exploring the optimal factor structure of mind-wandering: Associations with neuroticism.,10.1371/journal.pone.0311733
OpenAlex,2011,FRIENDS Parent Project: Effectiveness of Parent Training in Reducing Parent Anxiety in a Universal Prevention Program for Anxiety Symptoms in School Children,10.1375/bech.28.2.57
OpenAlex,2025,"Bruxismo, trastornos temporomandibulares y factores psicológicos relacionados",10.14201/gredos.169585
OpenAlex,2019,The Penn State Worry Questionnaire for Children: The Italian version of a measure of worry in children and adolescents,10.1449/94344
OpenAlex,2023,"Psychological Inflexibility, Ruminative Thinking, Worry and Self- Compassion in Relation to College Adjustment",10.14686/buefad.1022706
OpenAlex,2025,Intolerance of Uncertainty and Psychological Flexibility Predict Worry in Young Adults,10.14686/buefad.1368769
OpenAlex,2020,"Associations between sleep quality, severity of dissociation, pathological worry, and functional impairment in multiple sclerosis: a case-control study",10.14744/dajpns.2019.00058
OpenAlex,2022,Response styles and avoidance strategies in bipolar disorder and healthy controls: A comparative study,10.14744/dajpns.2022.00168
Semantic Scholar,2025,"Stress, Anxiety, and Work-Related Distress Among Medical Residents: A Comparative Analysis of Anesthesiology and Internal Medicine Residents",10.14744/eamr.2025.09327
OpenAlex,2025,"Adaptation, Validity, and Reliability of the Turkish Version of Contrast Avoidance Questionnaires",10.14744/jcbpr.2025.17597
OpenAlex,2025,The Mediating Role of Cognitive Flexibility and Worry in the Effect of Rumination on Stress: An Evaluation of Risky Alcohol Use,10.14744/jcbpr.2025.37622
OpenAlex,2026,Study Protocol for a Randomized Controlled Trial of the Efficacy of a Transdiagnostic Cognitive Behavior Therapy Model Delivered in Group Therapy for Anxiety Disorders,10.14744/jcbpr.2026.40389
OpenAlex,2018,"Attachment styles of patients with major depressive, obsessive-compulsive, and generalized anxiety disorders",10.15171/jarcm.2018.006
OpenAlex,2016,Preocupación patológica en hipertensos en comparación con normotensos en población michoacana (México),10.15174/au.2016.870
OpenAlex,2015,Validation of the Korean Version of Brief Multidimensional Measure of Religiousness/Spirituality Scale,10.15207/jkcs.2015.6.5.257
OpenAlex,2017,Emotional Schema Therapy for Generalized Anxiety Disorder: A Single-Subject Design,10.1521/ijct.2017.10.4.269
OpenAlex,2016,"Gender Differences In Anxiety, Depression And Metacognition",10.15405/epsbs.2016.05.02.1
OpenAlex,2016,Metacognition by gender: A pilot Study based on canonical correlation analysis,10.15405/epsbs.2016.05.02.5
OpenAlex,2016,Use of the Penn State Worry Questionnaire to Identify Individuals with Gad: An Indian Perspective,10.15406/jpcpy.2016.06.00375
Europe PMC,2024,Driving and mobile phone use: Work addiction predicts hazardous but not excessive mobile phone use in a longitudinal study of young adults.,10.1556/2006.2024.00007
OpenAlex,2016,TAWAKAL DAN KECEMASAN MAHASISWA PADA MATA KULIAH PRAKTIKUM,10.15575/psy.v2i1.443
OpenAlex,2014,The Effects of Intolerance of Uncertainty and Perceived Control on Worry: The Mediating Effects of Negative Problem Orientation,10.15703/kjc.15.5.201410.1647
OpenAlex,2014,The Influence of Affect Intensity and Cognitive Avoidance on Worry,10.15842/kjcp.2014.33.1.012
Semantic Scholar,2014,정서강도와 인지적 회피가 걱정에 미치는 영향,10.15842/kjcp.2014.33.1.012012
OpenAlex,2022,Relationships between worry and depressive symptoms during two group therapies for generalized anxiety disorder,10.1590/0047-2085000000361
Europe PMC,2018,"Subjective well-being, religiosity and anxiety: a cross-sectional study applied to a sample of Brazilian medical students.",10.1590/2237-6089-2017-0070
OpenAlex,2018,Clinical profile associated with HIV risk in Spanish youth,10.17060/ijodaep.2018.n1.v2.1247
OpenAlex,2016,The Mediation of Worry about Career between Career Indecision and Career Search Behavior in South Korean College Students,10.17485/ijst/2016/v9i41/103839
Semantic Scholar,2018,"Intolerance of Uncertainty, Negative Problem Orientation on Worry",10.17547/kjsr.2018.26.4.350
OpenAlex,2023,Validating a Short Version of the Intolerance of Uncertainty Scale-12 (IUS-12),10.17547/kjsr.2023.31.3.97
OpenAlex,2012,Demographic And Psychological Characteristics Proceduring Pathological Worry In University Students,10.17556/jef.18882
OpenAlex,2018,Transcutaneous vagus nerve stimulation and emotional inhibition of return,10.17605/osf.io/4hsjy
OpenAlex,2026,Intepretation of the Penn State Worry Questionnaire,10.17605/osf.io/7yzw2
OpenAlex,2019,Penn State Worry Questionnaire - PSWQ,10.17605/osf.io/jbcw7
OpenAlex,2026,"Anxiety, model-based revaluation, and overthinking",10.17605/osf.io/nw3j7
OpenAlex,2025,A Meta-Analytic Mediation Model of Intolerance of Uncertainty and General Anxiety Symptoms via Worry: A Systematic Review and Meta-Analysis,10.17605/osf.io/t8dxn
OpenAlex,2025,Examining How Racial Discrimination Impacts Sleep Quality in African Americans: Is Perseveration the Answer?,10.17615/hkb8-0223
OpenAlex,2020,Worry and perceived risk of contagion during the COVID-19 quarantine in the Jalisco population: Preliminary Study,10.17711/sm.0185-3325.2020.035
OpenAlex,2023,Psychometric properties of the Diurnal Insomnia Symptoms Response Scale (DISRS) in a Mexican population sample APPENDIX,10.17711/sm.0185-3325.2023.001
OpenAlex,2025,Worry and the sense of quality of life in young women with Generalized Anxiety Disorder,10.17951/j.2024.37.4.109-121
Semantic Scholar,2020,"Skłonność do martwienia się, poczucie własnej wartości i subiektywna jakość życia u dzieci z rodzin wielodzietnych",10.17951/lrp.2020.39.2.195-206
OpenAlex,2022,Cuestionario de Preocupación de Pensilvania (PSWQ 11): Evidencias Psicométricas en una muestra de Adultos de Lima Metropolitana,10.18050/psiquemag.v11i2.2108
OpenAlex,2024,"Polish Adaptation and Validation of the Penn State Worry Questionnaire for Children (PSWQ-C): Factor Structure, Reliability and Validity",10.18290/rpsych2024.0007
OpenAlex,2025,The Effectiveness of Compassion-based Therapy on Rumination and Concern in Patients with Type I Diabetes,10.18502/ijdo.v17i2.18849
Europe PMC,2020,"The Relationship between Quality of Life and Physical Activity, Worry, Depression, and Insomnia in Pregnant Women.",10.18502/ijps.v15i2.2688
OpenAlex,2022,Group Emotion Regulation Therapy for Illness Anxiety Disorder: A Randomized Controlled Trial Emotion Regulation Therapy for Illness Anxiety Disorder,10.18502/jabs.v11i1.8754
OpenAlex,2021,Cognitive-Behavioral Model of Generalized Anxiety Disorder Psychotherapy,10.18662/brain/12.1/174
OpenAlex,2024,Investigation of Certain Cognitive and Metacognitive Factors Affecting Anxiety and Depression Symptoms Through Parallel Serial Mediation Models,10.18863/pgy.1540884
OpenAlex,2021,Treating Cognitive Symptoms of Generalized Anxiety Disorder Using EMDR Therapy With Bilateral Alternating Tactile Stimulation,10.1891/emdr-d-20-00026
OpenAlex,2021,"Association of Sleep Paralysis with PTSD Symptoms, Pathological Worry and Perceived Stress",10.19080/ijoprs.2021.04.555648
OpenAlex,2023,The Effect of Women’s Family Planning Method Use on Worry Level,10.19127/mbsjohs.1278930
OpenAlex,2013,The Psychometric Properties of Instruments Used to Assess Anxiety in Older Adults,10.20381/ruor-6480
Europe PMC,2025,The Role of Worry and Emotional Intelligence in Depression in a Non-Clinical and Clinical Sample,10.20944/preprints202510.1522.v1
OpenAlex,2025,Validity evidence of the Penn State Worry Questionnaire-Children in Colombian Children,10.21134/rpcna.2025.12.1.6
Europe PMC,2026,"Dream experiences and psychological distress: A network analysis of pathological worry, depression, anxiety, and stress",10.21203/rs.3.rs-10077558/v1
Europe PMC,2020,"Psychological impact of COVID-19 amongst pregnant women in Conakry, Guinea. A cross-sectional study.",10.21203/rs.3.rs-122687/v1
Europe PMC,2022,Development and Validation of The Cognitive Attentional Syndrome Scale 1 Revised – Japanese Version,10.21203/rs.3.rs-1257070/v1
Europe PMC,2023,Screening for Generalized Anxiety Disorder in Older Adults who visited an Outpatient Clinic in a Low-Resource Setting,10.21203/rs.3.rs-2706191/v1
Europe PMC,2024,"Sex Differences in the Association between Repetitive Negative Thinking, Allostatic Load and Neurofilament Light",10.21203/rs.3.rs-4246401/v1
Europe PMC,2025,The Relationship of Rumination and Experiential Avoidance with Depression and Social Anxiety: The Mediating Role of Worry,10.21203/rs.3.rs-7335833/v1
Europe PMC,2026,Worry as a bridge between self-compassion and competition anxiety in athletes: evidence from mediation and network analyses,10.21203/rs.3.rs-9120416/v1
Europe PMC,2022,Risk Factors of Sleep Paralysis in A Population of Polish Students,10.21203/rs.3.rs-966800/v1
OpenAlex,2020,Clinical Efficacy and Psychological Mechanisms of an App-Based Digital Therapeutic for Generalized Anxiety Disorder: A Randomised Controlled Trial,10.2139/ssrn.3712934
OpenAlex,2021,Psychometric Properties of the Italian Version of the Climate Change Worry Scale,10.2139/ssrn.3967318
OpenAlex,2024,Worry and the Sense of Quality of Life in Young Women with Generalized Anxiety Disorder,10.2139/ssrn.4678807
OpenAlex,2025,Detecting anxiety in those with Parkinson's disease: A diagnostic accuracy study,10.2139/ssrn.5912879
Europe PMC,2020,Psychometric Properties of the Chinese Version of the Intolerance of Uncertainty Inventory in Chinese College Students.,10.2147/ndt.s268313
Europe PMC,2024,Associations Between Repetitive Negative Thinking and Objective and Subjective Sleep Health in Cognitively Healthy Older Adults.,10.2147/nss.s441509
Europe PMC,2023,Sex Differences in Prevalence and Clinical Correlates of Depression in Individuals Infected with Omicron in China.,10.2147/prbm.s427226
Europe PMC,2025,Research on the Anxiety and Depression of Patients with Mechanical Ocular Injuries: A Cross-Sectional Study.,10.2147/prbm.s485854
OpenAlex,2025,التفكير السلبي المتكرر والمرونة المعرفية كعمليات عابرة للتشخيص في بعض اضطرابات الشخصية لدى طلاب الجامعة,10.21608/edusohag.2025.365699.1681
OpenAlex,2019,The Mediating Role of Negative Repetitive Thoughts in the Relationship between Brain Behavioral Systems and Insomnia Severity in Students,10.21859/ijpn-06064
Europe PMC,2013,"Depression, irritability, and anxiety in women with premenstrual dysphoric disorder.",10.2190/pm.46.1.d
Europe PMC,2021,Clinical Efficacy and Psychological Mechanisms of an App-Based Digital Therapeutic for Generalized Anxiety Disorder: Randomized Controlled Trial.,10.2196/26987
Europe PMC,2022,Internet-Delivered Cognitive Behavioral Therapy for Generalized Anxiety Disorder in Nationwide Routine Care: Effectiveness Study.,10.2196/29384
Europe PMC,2022,Health Care Workers' Need for Headspace: Findings From a Multisite Definitive Randomized Controlled Trial of an Unguided Digital Mindfulness-Based Self-help App to Reduce Healthcare Worker Stress.,10.2196/31744
Europe PMC,2023,The Overall Anxiety Severity and Impairment Scale as an Outcome Measure in Internet-Delivered Cognitive Behavioral Therapy for Anxiety Disorders: Observational Study.,10.2196/45362
Europe PMC,2024,Inhibitory Control Training for Anxiety and Math Achievement in Primary School Children: Protocol for a Proof-of-Concept Study.,10.2196/52929
Europe PMC,2025,"Efficacy and Safety of Electroacupuncture Through Nerve Stimulation in Patients With Anxiety Disorders: Protocol for a Randomized, Assessor-Blind, Three-Arm, Parallel-Group Clinical Trial.",10.2196/68166
Europe PMC,2025,Efficacy of a Smartphone-Based Digital Therapeutic (Anzeilax) in Generalized Anxiety Disorder: Randomized Controlled Trial.,10.2196/69981
Europe PMC,2026,Beta Testing an mHealth Symptom Management Intervention for People With Advanced Cancer: Single-Cohort Feasibility and Acceptability Study.,10.2196/94676
Europe PMC,2014,"Prevention of generalized anxiety disorder using a web intervention, iChill: randomized controlled trial.",10.2196/jmir.3507
OpenAlex,2020,Worry and Permissive Parenting in Association with the Development of Internet Addiction in Children: A Survey Study (Preprint),10.2196/preprints.24223
OpenAlex,2021,Clinical Efficacy and Psychological Mechanisms of an App-Based Digital Therapeutic for Generalized Anxiety Disorder: Randomized Controlled Trial (Preprint),10.2196/preprints.26987
OpenAlex,2021,Internet-delivered Cognitive-Behavioral Therapy for Generalized Anxiety Disorder: Its Effectiveness in Nationwide Routine Care (Preprint),10.2196/preprints.29384
OpenAlex,2022,The Overall Anxiety Severity and Impairment Scale as an Outcome Measure in Internet-Delivered Cognitive Behavioral Therapy for Anxiety Disorders: Observational Study (Preprint),10.2196/preprints.45362
OpenAlex,2023,Inhibitory Control Training for Anxiety and Math Achievement in Primary School Children: Protocol for a Proof-of-Concept Study (Preprint),10.2196/preprints.52929
OpenAlex,2023,"An Investigation of an Alexa Voice Application (Kindspace) for Reducing Feelings of Worry in Adults: Feasibility, Acceptability and Preliminary Outcomes (Preprint)",10.2196/preprints.53318
OpenAlex,2024,"Efficacy and Safety of Electroacupuncture Through Nerve Stimulation in Patients With Anxiety Disorders: Protocol for a Randomized, Assessor-Blind, Three-Arm, Parallel-Group Clinical Trial (Preprint)",10.2196/preprints.68166
OpenAlex,2024,Efficacy of a Smartphone-Based Digital Therapeutic (Anzeilax) in Generalized Anxiety Disorder: Randomized Controlled Trial (Preprint),10.2196/preprints.69981
OpenAlex,2025,Investigating the Unwinding Anxiety Mobile Application for Patients with Anxiety and Co-occurring Substance Use Disorders: A Single Arm Study Assessing Usability & Associated Changes in Anxiety and Substance Use (Preprint),10.2196/preprints.72079
OpenAlex,2026,"Finding Our Center Under Stress (FOCUS) – A mobile health symptom management intervention for people with advanced cancer: Feasibility, acceptability, and lessons learned (Preprint)",10.2196/preprints.94676
OpenAlex,2020,Evaluation of the effectiveness of unified protocol for the transdiagnostic treatment and emotion regulation intervention in patients with generalized anxiety disorder in a military hospital,10.22034/22.3.73
OpenAlex,2016,The Efficacy of Emotion Regulation Therapy (ERT) in Generalized Anxiety Disorder (GAD): symptom reduction and improving of emotion regulation and mindfulness skills,10.22037/ijabs.v3i1.12412
OpenAlex,2017,The Effectiveness of Self-Compassion Training on Self-Criticism and Academic Achievement in Female Students with Generalized Anxiety Disorder,10.22037/ijabs.v4i1.12617
Semantic Scholar,2014,بررسی کارایی درمان مبتنی بر پذیرش و تعهد و زوج درمانی رفتاری یکپارچهنگر بر نگرانی و سازگاری زناشویی زنهای دارای آشفتگی زناشویی و اختلال اضطراب فراگیر,10.22051/psy.2018.20825.1665
OpenAlex,2020,"The Comparison of Emotion Regulation Strategies, Worry, Meta Mood and Cognitive Failures in Individual with and without Generalized Anxiety Disorder",10.22051/psy.2020.26678.1951
Semantic Scholar,2011,کارآیی طرحوارهدرمانی در درمان زنان مبتلا به اختلال اضطراب فراگیر,10.22054/jcps.2017.7906
OpenAlex,2017,مقایسه اثربخشی درمان مبتنی بر عدم تحمل بلاتکلیفی، درمان دارویی با بوسپیرون و درمان ترکیبی در بهبود علائم بیماران مبتلا به اختلال اضطراب فراگیر,10.22054/jcps.2017.7909
OpenAlex,2018,مقایسه اثربخشی درمان شناختی رفتاری گروهی و درمان شناختی مبتنی بر ذهن آگاهی بر زنان مبتلا به اختلال اضطراب فراگیر,10.22054/jcps.2019.11948.1344
OpenAlex,2018,ارزیابی کارایی طرحواره درمانی هیجانی بر سوگیری تفسیر(تفسیر مربوط به خود، تفسیر مربوط به دیگران) در مبتلایان به اختلال اضطراب فراگیر,10.22054/jcps.2019.35672.1965
OpenAlex,2020,Cognitive-Affective control training reduces worry and GAD symptoms: investigating training and transfer effect,10.22054/jcps.2021.60124.2556
OpenAlex,2024,"The Effectiveness of Emotional Schema Therapy on Cognitive Emotion Regulation, Intolerance of Uncertainty and Cognitive Flexibility in People with Generalized Anxiety Disorder",10.22054/jpe.2025.73929.2577
Semantic Scholar,2015,نقش تعدیلکننده باورهای فراشناختی و نارسایی تنظیم شناختی هیجان در رابطه بین تحملناپذیری بلاتکلیفی و نگرانی در بیماران مبتلا به وسواس فکری- عملی,10.22054/qccpc.2016.6724
OpenAlex,2020,اثربخشی گروه درمانی مبتنی بر تنظیم هیجان بر بهبود علایم، نگرانی و نقص در تنظیم هیجان افراد مبتلا به اختلال وحشتزدگی,10.22055/jac.2020.33169.1734
OpenAlex,2024,سبک ادراک نزدیکی خطر به عنوان عامل آسیبپذیری اختصاصی نشانههای اختلالات اضطرابی,10.22055/psy.2022.39731.2776
OpenAlex,2019,هنجاریابی و بررسی ویژگیهای روانسنجی پرسشنامه نگرانی (PSWQ-C) در کودکان و نوجوانان 8 تا 18 ساله,10.22059/japr.2019.276899.643193
OpenAlex,2025,"The Comparison of the Effectiveness of Emotional Schema Therapy and Mindfulness-Based Cognitive Therapy on Cognitive Emotion Regulation, Intolerance of Uncertainty, and Cognitive Flexibility in Patients with Generalized Anxiety Disorder",10.22059/japr.2025.356174.644559
OpenAlex,2011,مقایسه باور های فراشناختی و راهبرد های کنترل فکر در دانشجویان با سطوح بهنجار وبیمارگون از نگرانی,10.22067/ijap.v1i1.2138
Semantic Scholar,2016,اثربخشی درمان شناختی مبتنی بر ذهنآگاهی در درمان افراد مبتلا به اضطراب فراگیر,10.22067/ijap.v5i1.40703
Europe PMC,2020,The Four-item Patient Health Questionnaire for Anxiety and Depression: A Validation Study in Infertile Patients.,10.22074/ijfs.2020.44412
OpenAlex,2017,اثر بخشی درمان شناختی مبتنی بر مدل داگاس بر عدم تحمل بلاتکلیفی، اجتناب شناختی و باورهای مثبت نگرانی در بیماران مبتلا به اختلال اضطراب فراگیر,10.22075/jcp.2017.10203
OpenAlex,2010,خصوصیات روانسنجی نسخه فارسی پرسشنامه نگرانی ایالت پنسیلوانیا در دانشجویان,10.22075/jcp.2017.1988
OpenAlex,2016,اثربخشی طرحواره درمانی هیجانی در کاهش نگرانی و علائم و نشانههای اضطراب بیماران مبتلا به اختلال اضطراب فراگیر (GAD): مطالعه تکآزمودنی,10.22075/jcp.2017.2235
OpenAlex,2018,اثربخشی درمان آدلری بر علایم بالینی و رضایت از زندگی افراد مبتلا به اختلال اضطراب فراگیر,10.22075/jcp.2018.13191.1284
OpenAlex,2021,The mediating role of cognitive emotion regulation strategies and worry in the relationship between resilience and anxiety of being infected by COVID-19,10.22075/jcp.2021.22029.2027
OpenAlex,2017,اعتباریابی نسخه فارسی پرسشنامه نگرانی ایالت پنسیلوانیا در بیماران مبتلا به مولتیپل اسکلروزیس,10.22100/jkh.v12i1.1596
OpenAlex,2024,Reliability and Validity of the Chinese Version of the Threat Appraisal Questionnaire in Assessing Children and Adolescents,10.22158/assc.v6n3p134
OpenAlex,2015,Personality and Worry: The Role of Intolerance of Uncertainty,10.2224/sbp.2015.43.10.1607
OpenAlex,2024,Development and Validation of the Academic Worry State Questionnaire(AWSQ) for Learners in their 20s,10.22251/jlcci.2024.24.17.61
OpenAlex,2021,875-P: Breathe Diabetes Management Program: A Personalized App to Assist Type 2 Diabetics in India to Achieve Healthy Outcomes,10.2337/db21-875-p
OpenAlex,2024,695-P: The Moderating Role of Worry on the Relationship between Diabetes Knowledge and Self-Management Activities,10.2337/db24-695-p
OpenAlex,2022,Subliminal Priming with Positive Auditory Stimuli Significantly Improves Self-Esteem and Emotional Well-Being,10.24018/ejmed.2022.4.6.1328
OpenAlex,2025,Positive Auditory Stimuli and Its Effects on PTSD: A Case Study on Police Officers,10.24018/ejmed.2025.7.5.2290
OpenAlex,2023,Overthinking Pada Mahasiswa: Analisis Perbandingan Mahasiswa Tingkat Awal dan Tingkat Akhir,10.24127/gdn.v13i2.7455
OpenAlex,2022,COGNITIVE ASPECT OF PSYCHOSEMANTIC RECONSTRUCTION OF GENERALIZED ANXIETY DISORDER,10.24195/2414-4665-2021-4-1
Europe PMC,2011,Psychometric properties of the Padua Inventory in Chinese college samples.,10.2466/02.03.09.15.pr0.109.6.803-818
OpenAlex,2020,"Evaluating the psychological effects that encounter vitiligo patients in National Guard Health Affairs, Al Riyadh",10.24911/ijmdc.51-1600743767
OpenAlex,2019,Prevalence and Gender Differences in Worry and Social Anxiety among Greek High School Adolescents,10.24940/theijhss/2019/v7/i10/hs1910-084
OpenAlex,2018,Psychological reactions during competitive season and association with sleep among Norwegian junior elite athletes,10.24985/ijass.2018.30.2.98
OpenAlex,2017,Exploratory and Confirmatory Factor Analysis of the Korean version of the Penn State Worry Questionnaire,10.24986/anxmod.2017.13.2.005
Semantic Scholar,2017,Exploratory and Confirmatory Factor Analysis of the Korean version of the Penn State Worry Questionnaire,10.24986/anxmod.2017.13.2.86
Europe PMC,2015,Evaluation of anxiety levels and factors associated with positive test results in patients with drug hypersensitivity.,10.2500/aap.2015.36.3878
OpenAlex,2020,The Use of Virtual Reality Games as a Tool to Overcome Acrophobia,10.2507/31st.daaam.proceedings.068
OpenAlex,2015,Effectiveness of Cognitive-Behavioral Therapy (CBT) on Quality of Life (QOL) and Worry in Patients with Generalized Anxiety Disorder (GAD),10.25215/0202.021
OpenAlex,2018,Gender Differences in Self Reported Worrying and Emotional Regulation Deficits in Generalized Anxiety Disorder (GAD) Patients,10.25215/0603.060
PubMed,2021,,10.25302/03.2021.cer.151133007
PubMed,2019,,10.25302/10.2019.ad.131006824
OpenAlex,2021,Assoziationsuntersuchung von ausgewählten Polymorphismen der Gene DNMT3A und DNMT3B mit der Panikstörung,10.25972/opus-23468
OpenAlex,2025,Analysing the effectiveness of a transdiagnostic group CBT approach for comorbid anxiety disorders,10.26021/16608
OpenAlex,2021,Worry and Rumination: Measurement Invariance Across Gender,10.26076/91e0-6588
OpenAlex,2020,Depression and Repetitive Negative Thinking among Older Adults: The Specific Role of Executive Dysfunction,10.26650/sp2019-0074
OpenAlex,2018,An evaluation of the effect on depression and anxiety levels of the frequency of providing informing to the relatives of patients treated in intensive care unit,10.28982/josam.440146
Semantic Scholar,2020,Depression Reduces the Effect of Phototherapy on the Psoriasis Patients,10.29228/jamp.45803
Semantic Scholar,2021,Evaluation of Pain and Anxiety Levels of Tooth Extraction,10.29228/jamp.46109
Semantic Scholar,2016,The Relationship between Self- compassion and Depression with Mediating's Thought Rumination and Worry in Female Nurses,10.29252/ijn.29.99.100.10
OpenAlex,2018,"Effectiveness of acceptance and commitment therapy in improving interpersonal problems, quality of life, and worry in patients with body dysmorphic disorder",10.29333/ejgm/93468
Europe PMC,2022,The Validity and Reliability of the Turkish Version of the Meta-Worry Questionnaire.,10.29399/npa.27926
OpenAlex,2020,"Overthinking Hurts: Rumination, Worry and Mental Health of International Students in China During Covid-19 Pandemic",10.2991/assehr.k.201201.004
OpenAlex,2016,憂慮、反芻、睡前認知激發與睡眠品質之關係—以客觀生理評估為例,10.30074/fjmh.201603_29(1).0003
OpenAlex,2021,اثربخشی درمان شناختی رفتاری بر نشخوار فکری، نگرانی و حساسیت اضطرابی در افراد با نشانه های اختلالات اضطرابی,10.30495/jinev.2021.1889578.2090
OpenAlex,2021,"The Effectiveness of Cognitive Behavioral Therapy on Rumination, Worry and Anxiety Sensitivity in People with Anxiety Disorders",10.30495/jinev.2021.683359
OpenAlex,2021,"The Effectiveness of Well-Being Group Therapy on Psychological Well-Being, Cognitive Emotion Regulation, Worry, and Resilience of Female-Headed Households",10.30495/jzvj.2021.24757.3218
OpenAlex,2025,A single-arm clinical trial to evaluate the safety and efficacy of Mentacalm tablets in reducing stress and anxiety in adults,10.30574/wjbphs.2025.22.1.0179
Europe PMC,2018,Screening Tool for Anxiety Disorders: Development and Validation of the Korean Anxiety Screening Assessment.,10.30773/pi.2018.09.27.2
Europe PMC,2019,Validity and Reliability of Cognitive Attentional Syndrome-1 Questionnaire.,10.30773/pi.2019.02.11.1
Europe PMC,2021,Validity and Reliability of the Turkish Version of Generalized Anxiety Disorder Scale-Revised.,10.30773/pi.2021.0174
Europe PMC,2021,Pathological Worry is Related to Poor Long-Term Pharmacological Treatment Response in Patients With Panic Disorder.,10.30773/pi.2021.0227
Europe PMC,2023,Impact of Intolerance of Uncertainty on Brain Structural Changes in Panic Disorder.,10.30773/pi.2023.0181
Europe PMC,2026,Longitudinal Association Between Generalized Anxiety Disorder and Cognitive Change: A Meta-Analysis.,10.30773/pi.2025.0299
OpenAlex,2021,RESILIENCE AND WORRY AMONG UNDERGRADUATE MEDICAL STUDENTS: A CROSS-SECTIONAL STUDY,10.31032/ijbpas/2021/10.12.2022
Europe PMC,2023,Digital Therapeutics for Insomnia: Assessing the Effectiveness of a Computerized Home-Based Cognitive Stimulation Program.,10.31083/j.jin2202034
OpenAlex,2024,ScholarOne - Measurement Invariance of the Polish Version of the PSWQ-C Questionnaire: A Comparison of Paper-Pencil and Online Research,10.31124/advance.172427508.84481938/v1
Europe PMC,2019,Dorsal Anterior Cingulate Cortical Thickness Is Associated with Improvement in Worry Severity Following Treatment in Late-Life Generalized Anxiety Disorder,10.31234/osf.io/6c8gz
Europe PMC,2020,The Impact of COVID-19 Probability and Cost Estimates on Worry and Health Behavior Compliance in Young Adults,10.31234/osf.io/cn8dy
Europe PMC,2021,Cross-Cultural and Gender Invariance of Five Common Symptom and Cognitive Vulnerability Measures in the United States and Singapore,10.31234/osf.io/fn5s4
Europe PMC,2018,Transcutaneous vagus nerve stimulation and emotional inhibition of return,10.31234/osf.io/p4ty3
Europe PMC,2023,Enhancing the efficacy of CBT for patients with unipolar depression by integrating digital interventions into treatment: A pilot randomized controlled trial,10.31234/osf.io/zsfkc
OpenAlex,2022,Martwienie się a strategie radzenia sobie ze stresem u młodzieży. Mediacyjna rola prężności psychicznej,10.31648/przegldpsychologiczny.8228
OpenAlex,2022,Worry and stress coping strategies among youth: the mediating role of psychological resilience,10.31648/przegldpsychologiczny.8804
OpenAlex,2018,Generalized Anxiety Disorder Symptom Improvement Following Mindfulness-Based Stress Reduction in a General Hospital Setting,10.3233/jmp-170012
OpenAlex,2021,Dimensionality of the Penn State Worry Questionnaire and its brief versions,10.32348/1852.4206.v13.n2.27395
OpenAlex,2021,Psychometric properties of the Persian version of the Perth Emotional Regulation Competency Inventory,10.32592/ajnpp.2022.9.2.106
OpenAlex,2021,Comparing the Effectiveness of Acceptance and Commitment Therapy and Compassion Focused Therapy on Worry Severity and Loneliness Among the Patients With Multiple Sclerosis,10.32598/hms.27.4.3426.1
OpenAlex,2021,Comparing the Effects of Integrated Cognitive-Behavioral Therapy and Transdiagnostic Treatment on Symptoms of Patients with Generalized Anxiety Disorder Comorbid with Depression,10.32598/ijpcp.27.4.3067.3
OpenAlex,2024,"Effect of Dialectical Behavior Therapy on Cognitive Emotion Regulation, Cognitive Flexibility, and Worry in Women With Depression: A Randomized Controlled Clinical Trial",10.32598/ijpcp.29.4.4714.1
OpenAlex,2022,The Mediating Role of Cognitive Emotion Regulation and Mindfulness in the Relationship Between Worry and Generalized Anxiety,10.32598/jams.25.1.6730.1
OpenAlex,2025,"The relationship between maternal concern and social support in mothers of children hospitalized in Taleghani Hospital, Gorgan, Iran: A cross-sectional study",10.32598/jnacs.2025.1227
OpenAlex,2025,The Effectiveness of “Active Aging” Intervention on the Hope and Worry of Retired Women: A Quasi-experimental Study,10.32598/jpcp.13.3.746.8
OpenAlex,2019,"Transdiagnostic Processes in Generalized Anxiety Disorder and Obsessive-Compulsive Disorder: Worry, Cognitive Avoidance, Intolerance of Uncertainty, and Metacognitive Beliefs",10.32598/jpcp.7.4.281
OpenAlex,2022,Effectiveness of Mindfulness-Based Stress Reduction and Dialectical Behavior Therapy on Pathological Worry and Difficulty in Emotion Regulation in Students With Depression Symptoms,10.32598/jrh.12.3.1973.1
OpenAlex,2022,The Comparison of the Effectiveness of Acceptance and Commitment Therapy and Spirituality Therapy in Reducing Anxiety in Women with Breast Cancer,10.32768/abc.202294497-504
OpenAlex,2022,Relationship Between Anxiety and Heart Rate Variability in Elderly Insomnia Patients,10.33069/cim.2022.0029
Europe PMC,2015,An explanatory randomised controlled trial testing the effects of targeting worry in patients with persistent persecutory delusions: the Worry Intervention Trial (WIT),10.3310/eme02010
Europe PMC,2010,Reliability and validity of the Korean version of the Penn State Worry Questionnaire in primary school children.,10.3346/jkms.2010.25.8.1210
Europe PMC,2012,"Relationship between irritable bowel syndrome, worry and stress in adolescent girls.",10.3346/jkms.2012.27.11.1398
Europe PMC,2021,Impact of the Coronavirus Disease Pandemic on Mental Health among Local Residents in Korea: a Cross Sectional Study.,10.3346/jkms.2021.36.e322
OpenAlex,2019,Validation of the Korean Perseverative Thinking Questionnaire,10.33703/cbtk.2019.19.1.89
OpenAlex,2019,Validation of the Korean Ruminative Thought Style Questionnaire(K-RTSQ),10.33703/cbtk.2019.19.2.157
OpenAlex,2020,Validation of the Korean version of Repetitive Thinking Questionnaire (K-RTQ),10.33703/cbtk.2020.20.3.297
OpenAlex,2024,Effects of Applied Relaxation Treatment Program for Relieving Generalized Anxiety Symptoms,10.33703/cbtk.2024.24.3.345
OpenAlex,2022,통제욕구와 걱정간의 관계: 정서조절방략의 조절효과,10.33770/jebd.38.4.10
OpenAlex,2020,Perfectionism and Academic Burnout: The Mediating Role of Worry and Depressive Rumination in University Students,10.33824/pjpr.2020.35.3.25
Europe PMC,2017,Unlocking Neurocognitive Substrates of Late-Life Affective Symptoms Using the Research Domain Criteria: Worry Is an Essential Dimension.,10.3389/fnagi.2017.00380
Europe PMC,2021,Severity of Subjective Cognitive Complaints and Worries in Older Adults Are Associated With Cerebral Amyloid-β Load.,10.3389/fnagi.2021.675583
Europe PMC,2011,The Relationship between Intelligence and Anxiety: An Association with Subcortical White Matter Metabolism.,10.3389/fnevo.2011.00008
Europe PMC,2016,Goal Directed Worry Rules Are Associated with Distinct Patterns of Amygdala Functional Connectivity and Vagal Modulation during Perseverative Cognition.,10.3389/fnhum.2016.00553
Europe PMC,2016,Association between Attention and Heart Rate Fluctuations in Pathological Worriers.,10.3389/fnhum.2016.00648
Europe PMC,2019,Convergent Neural Correlates of Empathy and Anxiety During Socioemotional Processing.,10.3389/fnhum.2019.00094
Europe PMC,2020,Gender Comparison of Psychological Comorbidities in Tinnitus Patients - Results of a Cross-Sectional Study.,10.3389/fnins.2020.00704
Europe PMC,2021,"Associations of Thyroid Hormones Profile During Normal Pregnancy and Postpartum With Anxiety, Depression, and Obsessive/Compulsive Disorder Scores in Euthyroid Women.",10.3389/fnins.2021.663348
Europe PMC,2014,Electrophysiological evidence of the time course of attentional bias in non-patients reporting symptoms of depression with and without co-occurring anxiety.,10.3389/fpsyg.2014.00301
Europe PMC,2015,"Mother-preterm infant interactions at 3 months of corrected age: influence of maternal depression, anxiety and neonatal birth weight.",10.3389/fpsyg.2015.01234
Europe PMC,2017,Worry and Metacognitions as Predictors of Anxiety Symptoms: A Prospective Study.,10.3389/fpsyg.2017.00924
Europe PMC,2019,Group Metacognitive Therapy for Generalized Anxiety Disorder: A Pilot Feasibility Trial.,10.3389/fpsyg.2019.00290
Europe PMC,2020,A Multiple-Baseline Evaluation of Acceptance and Commitment Therapy Focused on Repetitive Negative Thinking for Comorbid Generalized Anxiety Disorder and Depression.,10.3389/fpsyg.2020.00356
Europe PMC,2020,Developmental Dimensions in Preterm Infants During the 1st Year of Life: The Influence of Severity of Prematurity and Maternal Generalized Anxiety.,10.3389/fpsyg.2020.00455
Europe PMC,2020,Temporal and Reciprocal Relations Between Worry and Rumination Among Subgroups of Metacognitive Beliefs.,10.3389/fpsyg.2020.551503
Europe PMC,2021,"Freely Generated Word Responses Analyzed With Artificial Intelligence Predict Self-Reported Symptoms of Depression, Anxiety, and Worry.",10.3389/fpsyg.2021.602581
Europe PMC,2021,A Brief Online and Offline (Paper-and-Pencil) Screening Tool for Generalized Anxiety Disorder: The Final Phase in the Development and Validation of the Mental Health Screening Tool for Anxiety Disorders (MHS: A).,10.3389/fpsyg.2021.639366
Europe PMC,2021,"Association Between Daily Worry, Pathological Worry, and Fear of Progression in Patients With Cancer.",10.3389/fpsyg.2021.648623
Europe PMC,2021,"The Impact of COVID-19 Pandemic on University Faculty, Staff, and Students and Coping Strategies Used During the Lockdown in the United Arab Emirates.",10.3389/fpsyg.2021.682757
Europe PMC,2022,Standard CBT versus integrative and multimodal CBT assisted by virtual-reality for generalized anxiety disorder.,10.3389/fpsyg.2022.1008981
Europe PMC,2022,Intolerance of Uncertainty Scale-12: Psychometric Properties of This Construct Among Iranian Undergraduate Students.,10.3389/fpsyg.2022.894316
Europe PMC,2023,"The predictive role of intolerance of uncertainty and trait of worry in breast cancer patients: A prospective, observational, single-center clinical study.",10.3389/fpsyg.2023.1092060
Europe PMC,2024,Worry and ruminative brooding: associations with cognitive and physical health in older adults.,10.3389/fpsyg.2024.1332398
Europe PMC,2024,"Stress, repetitive negative thinking, and mental health in Chilean university students: an ecological momentary assessment study.",10.3389/fpsyg.2024.1400013
Europe PMC,2025,"Metabeliefs about worry, cognitive fusion, and acceptance: associations and mediations analysis.",10.3389/fpsyg.2025.1639105
OpenAlex,2026,The dual structure of anxiety: reconciling general and specific approaches,10.3389/fpsyg.2026.1774838
Europe PMC,2026,Validation of the Penn State Worry Questionnaire in a sample of Afghan students.,10.3389/fpsyg.2026.1800125
Europe PMC,2018,Psychophysiological Arousal and Auditory Sensitivity in a Cross-Clinical Sample of Autistic and Non-autistic Anxious Adults.,10.3389/fpsyt.2018.00783
Europe PMC,2019,Approaching Cognitive Behavior Therapy For Generalized Anxiety Disorder From A Cognitive Process Perspective.,10.3389/fpsyt.2019.00796
Europe PMC,2023,"Abbreviated version of Penn State Worry Questionnaire for Chinese adolescents: Age, gender and longitudinal invariance.",10.3389/fpsyt.2023.1086592
Europe PMC,2023,Working in corona-designated departments in a fortified underground hospital: Concerns about corona and predictors of job burnout.,10.3389/fpsyt.2023.1105632
Europe PMC,2024,The importance of examining early maladaptive schemas in the diagnosis and treatment of obsessive-compulsive disorder.,10.3389/fpsyt.2024.1360127
Europe PMC,2026,"The association between worry, rumination, and metacognitive beliefs in female adolescents with Anorexia Nervosa.",10.3389/fpsyt.2026.1812206
Europe PMC,2026,"Safety and preliminary efficacy of Aurora: a pilot, non-randomized clinical trial of a culturally adapted digital cognitive behavioral therapy intervention for anxiety and depression in Mexico.",10.3389/fpsyt.2026.1824079
Europe PMC,2021,Online Survey of the Impact of COVID-19 Risk and Cost Estimates on Worry and Health Behavior Compliance in Young Adults.,10.3389/fpubh.2021.612725
Europe PMC,2023,Evaluation of the effectiveness of sleep hygiene education and FITBIT devices on quality of sleep and psychological worry: a pilot quasi-experimental study among first-year college students.,10.3389/fpubh.2023.1182758
Europe PMC,2021,Impact of Human-Animal Interactions on Psychological and Physiological Factors Associated With Veterinary School Students and Donkeys.,10.3389/fvets.2021.701302
OpenAlex,2022,A multiple-baseline evaluation of acceptance and commitment therapy focused on repetitive negative thinking in panic disorder,10.33898/rdp.v33i122.1148
Europe PMC,2020,Tinnitus and Metacognitive Beliefs-Results of a Cross-Sectional Observational Study.,10.3390/brainsci11010003
Europe PMC,2022,"Rumination and Worry Selectively Modulate Total Calorie Consumption within an Online, Nudge Tactic Paradigm.",10.3390/bs12030067
OpenAlex,2026,Neural Correlates of Uncertainty Processing During Decision-Making in Individuals with Different Levels of Worry Proneness,10.3390/bs16091518
OpenAlex,2023,The Neuropsychological and Emotional Profile of Adults with Parasomnia: A Case Series,10.3390/ctn7040035
Europe PMC,2025,Anxiety Levels Among Women Undergoing Mammogram Screening.,10.3390/curroncol32030160
Europe PMC,2026,The Role of Worry and Emotional Intelligence in Depression in a Non-Clinical and Subclinical Sample.,10.3390/ejihpe16040048
Europe PMC,2020,Tendency to Worry and Fear of Mental Health during Italy's COVID-19 Lockdown.,10.3390/ijerph17165928
Europe PMC,2020,Worry and Permissive Parenting in Association with the Development of Internet Addiction in Children.,10.3390/ijerph17217722
Europe PMC,2021,Sleep Paralysis among Professional Firefighters and a Possible Association with PTSD-Online Survey-Based Study.,10.3390/ijerph18189442
Europe PMC,2022,"Characteristics of Sleep Paralysis and Its Association with Anxiety Symptoms, Perceived Stress, PTSD, and Other Variables Related to Lifestyle in Selected High Stress Exposed Professions.",10.3390/ijerph19137821
Europe PMC,2025,Emotional Dysregulation and Emotional Eating in Hospitalized Adults with Obesity: The Mediating Role of Worry and Rumination.,10.3390/jcm14113871
Europe PMC,2025,"Sleep Quality, Pain, Worry, and Rumination in Fibromyalgia: Results from Mediation Analyses.",10.3390/jcm14207267
Europe PMC,2026,"Worry, Rumination, and Metacognitive Beliefs in Adolescents with Obesity Associated with Binge Eating Disorder (BED) vs. Age-Matched Adolescents with Essential Obesity: A Cross-Sectional Study.",10.3390/jcm15020573
Europe PMC,2021,Effect of a Music Therapy Intervention Using Gerdner and Colleagues' Protocol for Caregivers and Elderly Patients with Dementia: A Single-Blind Randomized Controlled Study.,10.3390/jpm11060455
Europe PMC,2023,"The Relationship among Anxiety, Worry, Perceived Stress, Defense Mechanisms, and High Levels of Post-Traumatic Stress Symptoms: A Discriminant Analytic Approach.",10.3390/jpm13020237
Europe PMC,2025,Association Between Anxiety and Diet Quality Among Polish Adults: A Cross-Sectional Study.,10.3390/nu17223508
OpenAlex,2013,"XIII ESTSS Conference: “Trauma and its clinical pathways: PTSD and beyond”, Bologna, June 5-9, 2013",10.3402/ejpt.v4i0.21502
OpenAlex,2024,"Mindfulness program for cognitive errors of workers: role of consciousness, worry and rumination",10.34024/rnc.2024.v32.19065
OpenAlex,2022,"Análise da relação entre estado de saúde mental e ocorrência de lesões nos atletas profissionais de futebol no campeonato brasiliense, Candangão / Analysis of the relationship between mental health status and occurrence of injuries in professional soccer athletes in the brasiliense championship, Candangão",10.34117/bjdv8n5-122
OpenAlex,2024,The relationship between the stress of parental and teacher academic expectations and student anxiety: The mediating role of social skills,10.34172/rdme.33237
OpenAlex,2026,Resistance exercise training compared to a low-intensity sham for depressive symptoms in young women with analogue generalized anxiety disorder: A randomized controlled trial,10.34961/19574
OpenAlex,2024,Short Versions of the Penn State Worry Questionnaire: Psychometric Performance in a Sample of People Seeking Help,10.35670/1667-4545.v24.n2.46486
Europe PMC,2025,Repetitive Negative Thinking in University Students with Specific Learning Disorder: Does Gender Matter?,10.36131/cnfioritieditore20250204
OpenAlex,2026,The Relationship Between Compassion and tendency to worry Among Married Women with Young Children (Ages 0–6 Years),10.36948/ijfmr.2026.v08i02.72150
Semantic Scholar,2011,Attentional Bias of Individuals with Generalized Anxiety,10.3724/sp.j.1041.2011.00164
Europe PMC,2016,The impact of an unpredictable context and intolerance of uncertainty on the electrocortical response to monetary gains and losses.,10.3758/s13415-015-0382-3
Semantic Scholar,2013,"White matter microstructure alterations in patients with first episode,treatment-naive generalized anxiety disorder",10.3760/cma.j.issn.1006-7884.2013.04.003
OpenAlex,2015,Reliability and validity of Chinese Version of an abbreviated eight-item measure of Penn State Worry Questionnaire in patients after total hip replacement,10.3760/cma.j.issn.1672-7088.2015.27.016
OpenAlex,2015,Association study on personality and plasma cortisol level in the patients with generalized anxiety disorder,10.3760/cma.j.issn.1674-6554.2015.12.015
OpenAlex,2019,"Multiple mediating effects of intolerance of uncertainty, obsessive-compulsive and generalized anxiety on neuroticism and insomnia in college students",10.3760/cma.j.issn.1674-6554.2019.03.012
OpenAlex,2024,"Relationship Satisfaction, Co-Parenting, Spiritual Disclosure, and Religious/Spiritual Coping: Exploring Links to Parents’ Mental Health following a Neonatal Intensive Care Experience",10.37898/spc.2023.9.1.192
OpenAlex,2024,"Relationship Satisfaction, Co-Parenting, Spiritual Disclosure, and Religious/Spiritual Coping: Exploring Links to Parents’ Mental Health following a Neonatal Intensive Care Experience",10.37898/spiritualpc.1429870
OpenAlex,2023,Insomnia and potential risk factors during pregnancy,10.4038/sljog.v45i3.8073
Semantic Scholar,2017,"Reducing anxiety, geriatric depression and worry in a sample of older adults through a mindfulness training program",10.4067/s0718-48082017000100007
Europe PMC,2020,Anxiety sensitivity dimensions in young individuals with at-risk-mental states.,10.4081/ripppo.2020.431
Europe PMC,2022,"Randomized, Placebo-Controlled Effectiveness Study of Quetiapine XR in Comorbid Depressive and Anxiety Disorders.",10.4088/jcp.21m14096
Europe PMC,2012,Mindfulness-based cognitive behavior therapy in patients with anxiety disorders: a case series.,10.4103/0253-7176.106026
OpenAlex,2020,Comparison of factor structure and psychometric properties of original and abbreviated version of the Penn State Worry Questionnaire in a nonclinical sample: a cross-sectional psychometric study,10.4103/2542-3932.304944
OpenAlex,2017,The Relationship between Worry and Anger Rumination with Adjustment Problems To Heart Disease,10.4103/hm.hm_7_18
OpenAlex,2019,"Effectiveness of acceptance and commitment therapy on intolerance of uncertainty, experiential avoidance, and symptoms of generalized anxiety disorder in individuals with Type II diabetes",10.4103/iahs.iahs_52_18
Europe PMC,2019,Correlates of worry and functional somatic symptoms in generalized anxiety disorder.,10.4103/ipj.ipj_31_19
OpenAlex,2023,Intolerance to uncertainty among the medical professionals in Central Kerala – Did COVID-19 make us intolerant?,10.4103/jcrsm.jcrsm_13_23
Europe PMC,2025,Psychometric properties and factor structure of the Persian version of worry questionnaire - Contrast avoidance model.,10.4103/jehp.jehp_1185_23
OpenAlex,2017,Mindfulness Based Stress Reduction,10.4135/9781483365817.n852
Semantic Scholar,2019,"Comparison of Verbal and Practical Intelligence in Normal Individuals and Individuals with Generalized Anxiety Disorder (GAD) by Focusing on Worry, Rumination, and Post-event Processing",10.4172/2161-0681.1000363
OpenAlex,2012,Where Have All the Worriers Gone? Temporal Instability of the Abbreviated Penn State Worry Questionnaire Limits Reliable Screening for High Trait Worry,10.4236/psych.2012.311141
OpenAlex,2017,Psychometric Properties of the Persian Version of the Vancouver Obsessional-Compulsive Inventory Inventory (VOCI) in Iranian Non-Clinical Sample,10.4236/psych.2017.81012
OpenAlex,2026,EFFECTIVENESS OF ACCEPTANCE AND COMMITMENT THERAPY IN THE TREATMENT OF GENERALIZED ANXIETY DISORDER: A NON-RANDOMIZED CONTROLLED TRIAL IN PESHAWAR,10.4238/wt12zv60
Europe PMC,2014,The usefulness of the korean version of penn state worry questionnaire for screening generalized anxiety disorder: a receiver operating characteristic analysis.,10.4306/pi.2014.11.1.12
Europe PMC,2014,"Cross-cultural adaptation, reliability, and validity of the revised korean version of ruminative response scale.",10.4306/pi.2014.11.1.59
OpenAlex,2017,Increased Pathological Worry Levels in Patients with Alopecia Areata,10.4328/jcam.4527
OpenAlex,2016,Martwienie się młodzieży w okresie dorastania a percepcja postaw rodzicielskich,10.4467/20843879pr.16.018.5529
OpenAlex,2026,Style przywiązania i percepcja postaw rodzicielskich a skłonność do martwienia się młodych dorosłych,10.4467/20843879pr.24.019.23388
Europe PMC,2021,Investigating the structural model of procrastination based on transdiagnostic factors.,10.47176/mjiri.35.120
OpenAlex,2025,"Trait anxiety, depression, and insomnia among benign paroxysmal positional vertigo cases: A multidisciplinary cross-sectional study",10.47482/acmr.1595171
OpenAlex,2020,"The Impact of Social Support on Loneliness and Worry Among University Freshmen in Sagaing District, Myanmar",10.47577/tssj.v8i1.832
Europe PMC,2023,Emotional eating in women with generalized anxiety disorder.,10.47626/2237-6089-2021-0399
Europe PMC,2023,Validation and clinical application of the Metacognitions Questionnaire in a sample of Brazilian generalized anxiety disorder patients: the effects of different treatment interventions.,10.47626/2237-6089-2021-0444
Semantic Scholar,2010,Relationships between Depressive Rumination and Perfectionism Cognitions after Partialling out the Influence of Worry,10.4992/pacjpa.74.0_1am090
Semantic Scholar,2010,"The association of thought control strategies with depressive automatic thoughts, rumination, and depressive symptom",10.4992/pacjpa.74.0_1am102
OpenAlex,2020,Psychometric properties of the Japanese version of Geriatric Anxiety Inventory for Japanese community-dwelling older people.,10.4992/pacjpa.84.0_pd-111
OpenAlex,2022,"Análise da relação entre estado de saúde mental e ocorrência de lesões nos atletas profissionais de futebol no campeonato Brasiliense, Candangão",10.5102/pic.n0.2020.8238
OpenAlex,2018,Worrying in people with schizophrenia,10.5114/ppn.2018.74324
OpenAlex,2022,The Association Between Types of Chronic Diseases and Anxiety or Worry in Older Adults,10.51819/jaltc.2022.1227626
OpenAlex,2024,CONTRIBUIÇÕES DA TERAPIA COGNITIVO-COMPORTAMENTAL NO TRATAMENTO DO TRANSTORNO DE ANSIEDADE GENERALIZADA EM ADULTOS: REVISÃO INTEGRATIVA DE LITERATURA,10.51891/rease.v10i10.15953
OpenAlex,2013,Effects Of 12 Weeks Yoga Exercise Program on Psychological Relaxation and Stress Hormone (Norepinephrine) in College Students with Internet Addiction,10.51979/kssls.2013.12.54.959
Europe PMC,2011,Psychometric characteristics of the Penn State Worry Questionnaire in an Argentinean sample: a cross-cultural contribution.,10.5209/rev_sjop.2011.v14.n1.41
OpenAlex,2021,Mediating Role of Rumination in the Relationship of Worry and Unhealthy Eating Behaviors among University Students,10.52131/pjhss.2021.0902.0119
OpenAlex,2021,The Impacts of Propensity to Worry and Fear of COVID-19 on Mental Health of University Students,10.52380/ijpes.2021.8.4.591
OpenAlex,2022,Examining of working memory and cognitive flexibility based on high/low levels of worry and intolerance of uncertainty,10.52547/jps.21.113.939
OpenAlex,2021,Effectiveness of Cognitive Behavioral Therapy based on Intolerance of Uncertainty on Worry and Anxiety in Women with Corona Anxiety (case study),10.52547/rbs.19.3.427
OpenAlex,2021,Cognitive Control in Generalized Anxiety Disorder: Investigation of Proactive and Reactive Inhibition,10.52547/shefa.10.1.65
OpenAlex,2013,The effectiveness of worry exposure in treating generalized anxiety disorder,10.5267/j.msl.2013.05.021
OpenAlex,2025,Which evidence-based short questionnaires are available for diagnosing an anxiety disorder?,10.5281/zenodo.17946015
OpenAlex,2025,Which evidence-based short questionnaires are available for diagnosing an anxiety disorder?,10.5281/zenodo.17946016
OpenAlex,2026,"Worry, rumination, and metacognitive beliefs in adolescents with obesity associated with Binge Eating Disorder (BED) vs. age-matched adolescents with essential obesity: a cross-sectional study",10.5281/zenodo.18224147
OpenAlex,2026,"Worry, rumination, and metacognitive beliefs in adolescents with obesity associated with Binge Eating Disorder (BED) vs. age-matched adolescents with essential obesity: a cross-sectional study",10.5281/zenodo.18224148
OpenAlex,2026,"The association between worry, rumination, and metacognitive beliefs in female adolescents with anorexia nervosa",10.5281/zenodo.21496064
OpenAlex,2026,"The association between worry, rumination, and metacognitive beliefs in female adolescents with anorexia nervosa",10.5281/zenodo.21496065
OpenAlex,2018,The Mediating Role of Pathological Worry in Associations Between Dissociative Experiences and Sleep Quality Among Health Staff,10.5350/sleep.hypn.2017.19.0152
OpenAlex,2025,Efektivitas Sayyidul Istighfar dan Tazkiyatun Nafsi Dalam Menurunkan Overthinking Pada Mahasiswa,10.53866/jimi.v5i5.849
OpenAlex,2019,An expansion of a model of depression in multiple sclerosis : emotion regulation and coping as moderators of the relationship between functional disability and adjustment to disease,10.54014/akww-5k6k
OpenAlex,2019,"Effects of adverse childhood events over metacognitions, rumination, depression and worry in healthy university students",10.5455/annalsmedres.2019.05.269
OpenAlex,2016,Examining psychometric properties of Distress Intolerance Index and Cognitive-Behavioral Avoidance Scale,10.5455/apd.207723
OpenAlex,2013,Validity and Reliability of the Turkish version of the Ruminative Thought Style Questionnaire,10.5455/bcp.20121130122311
OpenAlex,2020,"METACOGNITIVE ASSESSMENT OF OBSESSIVE COMPULSIVE DISORDER: VALIDITY AND RELIABILITY OF THE TURKISH VERSIONS OF THE THOUGHT FUSION INSTRUMENT, BELIEFS ABOUT RITUALS INVENTORY AND STOP SIGNALS QUESTIONNAIRE",10.5455/jcbpr.103888
OpenAlex,2016,Investigation of Pathological Worry and Metacognitive Beliefs in Patients with Irritable Bowel Syndrome,10.5455/nys.2016004
Europe PMC,2021,Classification of subtypes of patients with eating disorders by correspondence analysis.,10.5498/wjp.v11.i7.375
OpenAlex,2023,"Changes in Body Perception, Self-Respect, Life Quality, and Sexuality in Hysterectomy Patients",10.5578/jeurmeds.20239703
Europe PMC,2022,Worry and rumination predict insomnia in patients with coronary heart disease: a cross-sectional study with long-term follow-up.,10.5664/jcsm.9712
Europe PMC,2020,Information Processing and Decision-Making in Pathological Worriers and their Potential Role in Mechanisms of Generalized Anxiety Disorder.,10.5709/acp-0308-7
OpenAlex,2023,"The relationship between procrastination, personality traits, metacognitive beliefs, and worry",10.57127/kpd.26024438m000079xx1
Europe PMC,2023,Impact of the Coronavirus Disease Pandemic on Mental Health Among School Students in Korea During the COVID-19 Pandemic.,10.5765/jkacap.220036
OpenAlex,2023,Assessing Psychometric Properties of the Behavioral Emotion Regulation Questionnaire in an Iranian Population,10.5812/ijpbs-120516
OpenAlex,2018,"Effectiveness of Transcranial Direct Current Stimulation on Worry, Anxiety, and Depression in Generalized Anxiety Disorder: A Randomized, Single-Blind Pharmacotherapy and Sham-Controlled Clinical Trial",10.5812/ijpbs.11071
OpenAlex,2021,Psychometric Properties of the Persian Version of General Emotion Questionnaire-Contrast Avoidance Model,10.5812/ijpbs.114376
OpenAlex,2023,"Investigating the Prevalence of Depression, Anxiety, Stress, and Worry, and Its Relationship with the Academic Performance of Medical Students During the COVID-19 Pandemic in Iran",10.5812/jjcdc-137714
OpenAlex,2025,Efektivitas Guide Journaling Dalam Menurunkan Tingkat Overthinking Pada Mahasiswa Aktif Organisasi,10.59066/ijoms.v4i2.2602
OpenAlex,2025,Tingkat Kecemasan Orang Tua yang Memiliki Anak Tunagrahita di SLB BC Multahada,10.59141/.v7i2.353
OpenAlex,2014,The relationship between low levels of mindfulness skills and pathological worry: The mediating role of psychological inflexibility. [La relación entre habilidades de mindfulness y preocupación patológica: El rol mediador de la inflexibilidad psicológica],10.6018/analesps.30.3.150651
OpenAlex,2018,Penn State Worry Questionnaire-11 validity in Colombia and factorial equivalence across gender and nonclinical and clinical samples,10.6018/analesps.34.3.300281
OpenAlex,2020,Supplementary Material for: A Three-Arm Randomized Clinical Trial Comparing the Efficacy of a Mindfulness-Based Intervention with an Active Comparison Group and Fluoxetine Treatment for Adults with Generalized Anxiety Disorder,10.6084/m9.figshare.13379585
OpenAlex,2022,"Supplementary Material for: Effectiveness of an Internet-Based Self-Help Intervention versus Public Mental Health Advice to Reduce Worry during the COVID-19 Pandemic: A Pragmatic, Parallel-Group, Randomized Controlled Trial",10.6084/m9.figshare.18745094
OpenAlex,2012,Supplementary Material for: Internet-Based Psychodynamic versus Cognitive Behavioral Guided Self-Help for Generalized Anxiety Disorder: A Randomized Controlled Trial,10.6084/m9.figshare.5123659
OpenAlex,2018,"Subjective well-being, religiosity and anxiety: a cross-sectional study applied to a sample of Brazilian medical students",10.6084/m9.figshare.7101047
OpenAlex,2018,"Subjective well-being, religiosity and anxiety: a cross-sectional study applied to a sample of Brazilian medical students",10.6084/m9.figshare.7186079
OpenAlex,2013,WORRY AND META-COGNITIVE BELIEFS IN CHILDHOOD ANXIETY DISORDERS,10.6092/2282-1619/2013.1.932
OpenAlex,2020,An empirical model for understanding the threat responses at the time of COVID-19,10.6092/2282-1619/mjcp-2916
OpenAlex,2013,Prematurità: Interazioni Precoci e Sintomatologia Materna,10.6092/unibo/amsdottorato/5871
OpenAlex,2017,"The Temperamental Trait of Behavioral Inhibition: Characteristics, Assessment and Psychopathological Risk in Preschool Age",10.6092/unibo/amsdottorato/8114
OpenAlex,2024,The effect of Treatment based on Acceptance and Commitment on Pathological Worry and Death Anxiety in Nurses with the Experience of Complicated Grief Caused by COVID-19,10.61186/jhc.26.1.52
OpenAlex,2024,"Predicting illness anxiety symptoms based on worry, alexithymia, intolerance of uncertainty and cognitive emotion regulation strategies",10.61186/jps.23.142.1
OpenAlex,2025,Enhancing the Efficacy of Cognitive Behavioral Therapy with Attentional Bias Modification to Reduce Worry and Emotion Regulation Difficulties in Women with Generalized Anxiety Disorder,10.61186/shefa.13.2.20
OpenAlex,2024,The Mediating Role of Metacognitive Beliefs and Worry in the Relationship Between Intolerance of Uncertainty and Health Anxiety in Female Breast Cancer Survivors,10.61838/jcbl.1.4.15
Semantic Scholar,2025,Prediction of Generalized Anxiety Disorder Based on Self-Handicapping with the Mediating Role of Worry,10.61838/kman.jayps.4283
OpenAlex,2025,"The Effectiveness of Schema Therapy and Cognitive-Behavioral Intolerance of Uncertainty Interventions on Worry States, Thought-Action Fusion, and Cognitive Avoidance in Adolescents with Generalized Anxiety Disorder",10.61838/kman.jayps.4335
OpenAlex,2025,"Effectiveness of Cognitive-Analytic Therapy on Improving Personality Organization, Worry, and Experiential Avoidance in Adolescents with Borderline Personality Disorder",10.61838/kman.jayps.4517
OpenAlex,2026,"Deep Neural Network Modeling of Adolescent Generalized Anxiety Using Attentional Bias, Physiological Arousal, Worry Severity, and Parent–Child Conflict",10.61838/kman.jayps.5235
OpenAlex,2026,"Modeling the Contribution of Cognitive Fusion, Rumination, and Worry to Psychosomatic Distress: An Explainable Machine Learning Study",10.61838/kman.jppr.5165
OpenAlex,2023,"The Effectiveness of Metacognitive Therapy and Compassion-Based Therapy on Reducing Rumination, Anxiety and Worry in Obsessive-Compulsive Patients",10.61838/kman.pdmd.2.3.5
OpenAlex,2025,"The Effectiveness of Intensive Short-Term Psychodynamic Psychotherapy on Worry, Distress Tolerance, and Conflict Management in Adolescents with Obsessive–Compulsive Disorder",10.61838/mhlj.252
OpenAlex,2024,"Effectiveness of Compassion-Enriched Acceptance and Commitment Therapy on Worry, Rumination, and Circadian Sleep Disorders in Adolescent Girls with Generalized Anxiety Disorder in Mashhad",10.61838/qecp.87
OpenAlex,2024,Evaluación del modelo FSD de psicopatología evolucionista en pacientes con TAG,10.63344/7fvc8z75
OpenAlex,2024,Evaluación del Modelo FSD de Psicopatología Evolucionista en Pacientes con Trastorno de Ansiedad Generalizada,10.63344/tdsm9211
Europe PMC,2025,Differential Cerebral White Matter Tract Alterations in Generalized Anxiety Disorder Revealed by Ultra-High Field 7T Diffusion-Weighted Imaging,10.64898/2025.12.26.696598
Europe PMC,2026,Cross-sectional and longitudinal associations between sleep disturbances and psycho-affective symptoms in older adults: influence of amyloid positivity,10.64898/2026.01.15.26344227
OpenAlex,2015,"Attachment Models and Their Relationships With Anxiety, Worry, and Depression",10.65030/idr.13002
OpenAlex,2015,"Evaluation of Written Versus Mental ""Worry-Time"" to Treat Worry",10.65030/idr.13003
OpenAlex,2015,The Hunt for Normal Worry: Empirically Distinguishing Normal and Pathological Worry,10.65030/idr.13004
OpenAlex,2026,Comparing the Effectiveness of Spiritual Therapy and Cognitive-Behavioral Therapy on Anxiety about Illness and Body Image in Women Recovered from Breast Cancer,10.66224/ijbd.19.2.3
OpenAlex,2026,Psychophysiological Changes in Individuals With Repetitive Negative Thinking During Idleness And on Assigning A Cognitive Task: A Biofeedback-Based Comparative Study,10.67440/ahj.vi.2065
OpenAlex,2026,Preocupación patológica en universitarios peruanos: adaptación del PSWQ-5 y su relación con estrés percibido y depresión,10.69639/arandu.v13i1.2117
OpenAlex,2026,Development and Validation of the Anxiety Gauge Test (ANX-G5),10.70316/kmba.2026.9.2.201
OpenAlex,2021,Cognitive-Behavioral Model of Generalized Anxiety Disorder Psychotherapy,10.70594/brain/12.1/174
OpenAlex,2023,Predictors of response to cognitive behavioral therapy guided self-help (GSH-CBT) for generalized anxiety disorder (GAD) in older adults,10.71781/17776
OpenAlex,2011,Emotional stroop performance in older adults,10.7282/t35b01jp
OpenAlex,2018,Neurocognitive mechanisms of transdiagnostic symptom change during attention bias modification,10.7490/f1000research.1116284.1
OpenAlex,2021,Efficacy of Virtual Reality Based Worry Exposure Therapy on the Anxiety Severity and Worry in Generalized Anxiety Disorder,10.7575/aiac.abcmed.v.9n.2p.21
OpenAlex,2022,NA,10.7752/jpes.2022.02040
Europe PMC,2020,Impact of Maladaptive Daydreaming on Grade Point Average (GPA) and the Association Between Maladaptive Daydreaming and Generalized Anxiety Disorder (GAD).,10.7759/cureus.10776
Europe PMC,2023,Comparison of Metacognitive Therapy Versus Cognitive Behavioral Therapy for Generalized Anxiety Disorder: A Meta-Analysis of Randomized Control Trials.,10.7759/cureus.39252
OpenAlex,2021,Validación Preliminar de la Escala de Ansiedad ante la Muerte de Templer en una Muestra Argentina,10.7764/psykhe.2018.21923
OpenAlex,2016,Exploring Therapist Behaviours in Therapist-Assisted Internet-Delivered Cognitive Behavioural Therapy for Generalized Anxiety Disorder: A Mixed Methods Analysis,10.82465/4006
OpenAlex,2020,"Estrés académico, rumiación, perfeccionismo y preocupación: variables predictoras de ansiedad y depresión en estudiantes universitarios",10.82992/intellectum/handle.10818.7841
OpenAlex,2013,12주간 요가운동 프로그램이 인터넷 중독 대학생의 심리안정과 스트레스 호르몬 (norepinephrine)에 미치는 영향,NA
OpenAlex,2013,2013년 정신건강박람회 불안 장애 선별검사 결과,NA
OpenAlex,2021,A cross-sectional study assessing single session training in emotional attentional control and trait worry influences in training ability,NA
OpenAlex,2012,A la búsqueda del continuo de los rasgos adaptativos y desadaptativos en la personalidad normal y la personalidad patológica,NA
OpenAlex,2011,A self-presentational perspective on foreign language listening anxiety,NA
OpenAlex,2025,"Acceptance and Commitment Therapy Group Intervention on Anxiety Sensitivity, Worry Severity and Intolerance of Uncertainty in Patients with Generalized Anxiety Disorder",NA
OpenAlex,2019,???????????? ?????? ????????? ?????? ????????? ADHD??????????????? ?????????????????? ?????? ??????,NA
OpenAlex,2015,Adult Attachment as a Moderator of Treatment Outcome for Generalized Anxiety Disorder: Comparison between Cognitive-Behavioral Therapy (CBT) Plus Supportive Listening and CBT Plus Interpersonal and Emotional Processing Therapy,NA
OpenAlex,2017,Affectively Neutral Faces Acquire Aversive Value by Association with Negatively Valenced Scenes,NA
Semantic Scholar,2021,ALLEVIATING WORRY AND ENHANCING SAVORING USING POSITIVE PSYCHOLOGY TECHNIQUES- AN INTERVENTION STUDY AMONG SIBLINGS DURING COVID,NA
OpenAlex,2019,Alterações vasculares e transtorno bipolar : uma abordagem do perfil proteômico por biologia de sistemas,NA
Semantic Scholar,2019,An analysis of the Effectiveness of Cognitive Behavioral Therapy (CBT) in Reducing Generalized Anxiety Disorder (GAD) among Female Patients Affected by this Disorder,NA
OpenAlex,2024,"Ansiedade, depressão e estresse em refugiados e solicitantes de asilo na Espanha: o papel moderador da auto-compaixão e a preocupação como traço transdiagnóstico",NA
Semantic Scholar,2015,Anxiety and Depressive Symptoms Predict Future Executive Functioning Decline,NA
OpenAlex,2016,Anxiety Break: A Smartphone Application Used to Examine the Mediating Effects of Metacognition on Generalized Anxiety Disorder,NA
OpenAlex,2018,Análisis de la respuesta jerárquica en flexibilidad psicológica,NA
Semantic Scholar,2019,Assessing Worry in Children: Psychometric Evaluation of the Indonesian Version of Penn State Worry Questionnaire (PSWQ),NA
OpenAlex,2017,Assessment of validity and reliability of Gujarati translation of penn state worry questionnaire (PSWQ) in patients with generalized anxiety disorder (GAD) in comparative clinical trial of Buspirone & Sertraline tablets,NA
Semantic Scholar,2020,"Associations among sleep quality , severity of dissociation , pathological worry and functional impairment in multiple sclerosis : a case-control study",NA
PubMed,2019,Attentional Bias Modification Training for Patients with Generalised Anxiety Disorder: a Randomised Controlled Study.,NA
OpenAlex,2014,Avaliação das Respostas Ruminativas em Adolescentes: qualidades psicométricas da ERR-10-A,NA
Semantic Scholar,2021,Behavioral Model of Generalized Anxiety Disorder Psychotherapy,NA
Semantic Scholar,2019,"Brain Neurotransmitters, Cognitive Control, and Resting Heart Rate Variability (rHRV) in the MRI Environment",NA
OpenAlex,2017,Características psicométricas da versão portuguesa do Penn State Worry Questionnaire (PSWQ),NA
OpenAlex,2010,Cardiovascular Reactivity to and Recovery from Laboratory Tasks in Low and High Worry Women,NA
Europe PMC,2021,Care Recipient Diagnosis Moderates the Relationship Between Caregiver Worry and Vigilance,NA
Semantic Scholar,2018,Clinical profile associated with HIV risk in Spanish youth,NA
Semantic Scholar,2015,Cognitieve Bias Modificatie: Invloed van Interpretatiebias op Piekeren en Emotie bij Faalangst,NA
OpenAlex,2026,Cognitive and behavioural processes in symptoms of generalised anxiety disorder in a non-clinical sample,NA
OpenAlex,2011,Cognitive Predictors of Worry in an Adolescent Community Sample,NA
Europe PMC,2014,"Comparing attentional control and intrusive thoughts in obsessive-compulsive disorder, generalized anxiety disorder and non clinical population.",NA
Europe PMC,2021,Comparing Cognitive Behavioral Therapy versus Yoga for Helping Older Adults Address High Levels of Worry,NA
Semantic Scholar,2013,"Comparing metacognitive beliefs and worry in patients with anxiety,depression and non-patients",NA
OpenAlex,2014,Comparing the effectiveness of acceptance-based behavior therapy to applied relaxation on worry and generalized anxiety disorder symptoms,NA
Europe PMC,2019,"Comparing Two Ways to Treat Serious Worry Among Older Adults from Underserved, Racial or Ethnic Minority Communities",NA
Semantic Scholar,2011,"Comparison of Anxiety Sensitivity and Worry in Patients with majer depression, Panic Disorder and Normal Individuals",NA
OpenAlex,2018,"Comparison of The Anxiety, Worry and Intolerance of Uncertainty among individuals with Obsessive-Compulsive and Substance use Disorders",NA
OpenAlex,2019,Comparison of the effectiveness of mindfulness based on stress reduction therapy and neurofeedback training on the clinical symptoms of individual with generalized anxiety disorder: A clinical trial study,NA
Semantic Scholar,2011,Comparison of worry and Anxiety Control in olders and young adults,NA
OpenAlex,2025,coronavirus disease 2019,NA
OpenAlex,2017,Correlation of BIS BAS and PSWQ Measures,NA
Semantic Scholar,2011,Correlatos psicofisiológicos de Mindfulness y la preocupación: eficacia de un entrenamiento en habilidades Mindfulness,NA
OpenAlex,2014,Costrutti cognitivi dell'Ansia e Sindrome Fibromialgica.,NA
OpenAlex,2011,Delimitación diagnóstica y clínica del trastorno de somatización,NA
OpenAlex,2014,"Depression severity, engagement in activities and psychological processes - Assessment of a conceptual model: Preliminary results",NA
OpenAlex,2021,Descripción y análisis de las diferencias en la preocupación de los estudiantes ante la preparación de sus Trabajos Fin de Estudios,NA
Europe PMC,2014,Developing a low intensity CBT intervention for GAD in IAPT : a pilot feasibility and acceptability study,NA
Semantic Scholar,2012,Development of the Worry Tendency Questionnaire for Chinese Adolescents,NA
Europe PMC,2021,Did surgical delay due to COVD-19 affect the short- and longer-term mental health of patients?,NA
OpenAlex,2014,Difficulty gating threat-related stimuli from working memory in anxious individuals,NA
Semantic Scholar,2021,Dimensionality of the Penn State Worry Questionnaire and its brief versions,NA
Europe PMC,2012,"Effect of acceptance-based behavior therapy on severity of symptoms, worry and quality of life in women with generalized anxiety disorder.",NA
Semantic Scholar,2021,"EFFECT OF DUAL SITE TRANSCRANIAL DIRECT CURRENT STIMULATION ON ANXIETY, WORRY AND SLEEP IN GENERALISED ANXIETY DISORDER-A RANDOMIZED CLINICAL TRIAL",NA
OpenAlex,2016,Effectiveness of Cognitive Behavioral Therapy with Asian American Patients in an Acute Psychiatric Partial Hospital Program,NA
OpenAlex,2013,"Effectiveness of Parental Skills Training on Worry, Anxiety and Self-Efficacy Beliefs of Single-Child and Multi-Child Parents",NA
OpenAlex,2021,"Effectiveness of self-processing (smoker) grammar on the feeling of loneliness, anxiety and perceived stress of ptsd patients caused by kermanshah earthquake",NA
OpenAlex,2017,Efficacité de la stimulation magnétique transcrânienne répétée dans le trouble anxieux généralisé,NA
OpenAlex,2020,Efficacité de la stimulation magnétique transcrânienne répétée sur le trouble anxieux généralisé,NA
OpenAlex,2020,Efficacy of an acceptance-based group behavioral therapy for generalized anxiety disorder: a randomized clinical trial,NA
OpenAlex,2018,Efficacy of combined treatment based on acceptance and commitment in treatment of women with generalized anxiety disorder,NA
OpenAlex,2014,Efficacy of Spiritual Group Psychotherapy on the Infertility Consequences: A Randomized Clinical Trial,NA
Semantic Scholar,2016,El cuestionario de control del pensamiento (TCQ): propiedades psicométricas de la versión portuguesa (Portugal),NA
OpenAlex,2019,Emotion versus Metacognition - Mechanisms of Change in Metacognitive Therapy for Generalized Anxiety Disorder: Results from a Randomized Controlled Trial,NA
Semantic Scholar,2016,Enhanced awareness and attention: Unidimensional or multidimensional Construct? Factor structure and psychometric properties of Five Facet Mindfulness Questionnaire (FFMQ) in Iran,NA
Semantic Scholar,2017,Escitalopram for Older Adults With Generalized Anxiety Disorder,NA
Semantic Scholar,2020,Evaluation of the Prevalence of Generalized Anxiety Disorder and Its Association with Worry in Students of Zanjan University of Medical Sciences,NA
Semantic Scholar,2017,EXAMINED THE EFFECTIVENESS OF CBT (COGNITIVE BEHAVIOR THERAPY) ON ANXIETY AND ANXIETY IN CHILDREN WITH NOCTURNAL ENURESIS,NA
OpenAlex,2023,"Factor Structure, Measurement Invariance, and Concurrent Validity of the Penn State Worry Questionnaire Across Cultures and Psychopathology Cohorts",NA
OpenAlex,2019,Fear of Cancer Recurrence and Quality of Life among Gynecological Cancer Survivors Under Treatment,NA
OpenAlex,2012,Features of the Generalized Anxiety Symptoms and Their Influencing Factors,NA
OpenAlex,2024,"Funciones ejecutivas en niños y adolescentes con TOC, tricotilomanía y trastornos de ansiedad",NA
OpenAlex,2013,Furosemide in the treatment of generalized anxiety disorder: Case report and review of the literature,NA
Semantic Scholar,2018,Gender Differences in Self Reported Worrying and Emotional Regulation Deficits in Generalized Anxiety Disorder (GAD) Patients,NA
OpenAlex,2019,Generalized Anxiety Disorder and Comorbid Symptoms of Sleep: The Unified Protocol for Transdiagnostic Treatment of Emotional Disorders,NA
OpenAlex,2021,Group Emotion Regulation Therapy for Illness Anxiety Disorder: A Randomized Controlled Trial,NA
OpenAlex,2013,İlaç Hipersensitivitesi ile Başvuran Hastalarda Anksiyete Düzeylerinin Değerlendirilmesi ve Öykünün Doğruluğu,NA
OpenAlex,2015,Identifying differences of the level of worry with GAD (Generalized Anxiety Disorder) based on gender among engineering students using PSWQ (Penn State Worry Questionnaire),NA
OpenAlex,2016,"Impact of affective traits on response interference: modulations by trait negative affect, anxious arousal, and anxious apprehension",NA
OpenAlex,2015,Indecisión y duda en el Trastorno Obsesivo-Compulsivo,NA
OpenAlex,2010,Interim Report about The Comparative Clinical Study of Efficacy of Gamisoyo-san(Jiaweixiaoyaosan) on Anxiety of Generalized Anxiety disorder,NA
OpenAlex,2012,INTOLERANCE OF UNCERTAINTY AND WORRY AMONG PATIENTS WITH GENERALIZED ANXIETY DISORDER AND OBSESSIVE-COMPULSIVE DISORDER,NA
OpenAlex,2016,"Intolerance of Uncertainty, Worry, and Problem-Solving: Implications for Generalized Anxiety Disorder",NA
Semantic Scholar,2022,Investigating the Relation of Cognitive Emotion Regulation Strategies and Thought-Action Fusion with the Rate of Worry in the Students,NA
OpenAlex,2015,Investigating the Reliability and Validation of Luchiano and His Collegues` Thought Control Ability Questionnaire,NA
OpenAlex,2013,"Investigation of Relationship between Thoughts Fusion, its Components and Worry and Eating Disorders in Women",NA
OpenAlex,2012,La preocupación : teoría e intervención,NA
OpenAlex,2018,Levels of γ-Aminobutyric acid in the ventral lateral prefrontal cortex as a predictor of underdetermined selection ability,NA
Europe PMC,2013,Looking at Infertility Treatment through The Lens of The Meaning of Life: The Effect of Group Logotherapy on Psychological Distress in Infertile Women.,NA
Europe PMC,2012,Looking out for the secret wound: the effect of e-cognitive group therapy with emotional disclosure on the status of mental health in infertile women.,NA
OpenAlex,2016,LOW RESOLUTION ELECTROMAGNETIC TOMOGRAPHY (LORETA) ANALYSIS OF THE BRAINS ELECTROPHYSIOLOGICAL RESPONSE TO EMOTIONAL VISUAL STIMULI UNDER DIFFERING CONDITIONS,NA
Semantic Scholar,2011,Mediating Effects of Worry in the Relation of Stress and Somatization,NA
OpenAlex,2015,Metakognitiv gruppeterapi for pasienter med generalisert angstlidelse : en pilotstudie,NA
OpenAlex,2017,"Miedo, ansiedad y dolor intraoperatorio en el curso de la vasectomía y de la circuncisión bajo anestesia local",NA
OpenAlex,2018,Nie tylko „nerwica”. Poziom patologicznego zamartwiania i objawy lęku uogólnionego w populacji a skala zgłoszeń do lekarza podstawowej opieki zdrowotnej. Które zjawisko wyjaśnia więcej?,NA
OpenAlex,2013,NIVEL DE DEPRESIÓN Y PREOCUPACIÓN EN MUJERES ADOLESCENTES,NA
Europe PMC,2020,"Objective and Subjective Cognitive Function, and Relations With Quality of Life and Psychological Distress",NA
OpenAlex,2019,Odnos repetitivnih procesa mišljenja i dnevne pospanosti s nesanicom,NA
OpenAlex,2015,Oro och Rädslor hos barn- Kan Krona/Klave testet identifiera de barn som drivs av rädslor eller oro?,NA
Semantic Scholar,2014,"P52: Worry, Cognitive Avoidance, Intolerance of Uncertainty and Metacognitive Beliefs as Transdiagnostic Factors in Generalized Anxiety Disorder and Obsessive Compulsive Disorder",NA
Semantic Scholar,2018,Patterns of Heart Rate Variability Predictive of Internalizing Symptoms in a Non-Clinical Youth Sample,NA
OpenAlex,2019,PENGARUH INTOLERANCE OF UNCERTAINTY TERHADAP GENERALIZED ANXIETY DISORDER PADA REMAJA,NA
OpenAlex,2018,Penn State Worry Questionnaire (PSWQ),NA
Semantic Scholar,2018,Prediction of Insomnia Severity Based on Cognitive and Emotional Variables and Personality Traits Presented by DSM-5 in Students of Kurdistan University in 2016,NA
Semantic Scholar,2019,"Prediction of Worry Based on Behavioral Activation and Inhibition Systems (BAS/BIS), Cognitive Emotion Regulation Strategies and Intolerance of Uncertainty in Students",NA
Europe PMC,2012,Preventing worry and rumination by induced positive emotion.,NA
OpenAlex,2020,Proaktiv Interferens i Arbetsminnet:Åldersskillnader och Kopplingen till Negativa Tankar,NA
OpenAlex,2016,Problemas de ansiedad en niños y adolescentes y su relación con variables cognitivas disfuncionales,NA
OpenAlex,2015,Psikolojik semptomların duygusal boyutu: algılanan ebeveyn tutumları ve duygu düzenleme problemlerinin rolü.,NA
Europe PMC,2016,Psychological stress moderates the relationship between running volume and CD4+ T cell subpopulations.,NA
Europe PMC,2018,Psychometric Characteristics of the Original and Brief Version of the Penn State Worry Questionnaire (PSWQ) in Mexican Samples.,NA
OpenAlex,2020,Psychometric Properties of the Chinese Version of the Intolerance of Uncertainty Inventory in Chinese College Students,NA
OpenAlex,2019,Psychometric Properties of the Icelandic version of Worry Behaviours Inventory (WBI) in clinical and non-clinical samples,NA
Semantic Scholar,2017,Psychometric properties of the looming maladaptive style questionnaire in a sample of Iranian students,NA
Semantic Scholar,2011,PSychOmetRIc PROPeRtIeS Of the PaDua INveNtORy,NA
OpenAlex,2019,Psychosocial factors as predictors of social wellbeing of the elderly in Geriatric Centers in Lagos State,NA
OpenAlex,2024,Reducing uncertainty about the influences of language and culture on intolerance of uncertainty among bilingual participants in Hong Kong,NA
Europe PMC,2020,"Relationship between Worry, and Anger Rumination with Cardiovascular Disease Severity: Social Loneliness as a Moderator.",NA
OpenAlex,2020,Relationships between worry and depressive symptoms during two group therapies for generalized anxiety disorder: a cross-lagged analysis,NA
OpenAlex,2012,Repetitive thought in human (fear) conditioning: Strengthening the acquisition and extinction memory,NA
OpenAlex,2010,Responsibility Attitudes in Obsessive-Compulsive Patients: The Contributions of Meta-Cognitive Beliefs and Worry,NA
OpenAlex,2019,Rumination and Worry: Exploring the Specificity of Depressed and Anxious Negative Thoughts,NA
Semantic Scholar,2012,Running head : ASSESSING CONSTRUCTIVE AND UNCONSTRUCTIVE THINKING,NA
Semantic Scholar,2019,Running head : THE EFFECTIVENESS OF PSYCHOEDUCATION The Effectiveness of Psychoeducation Based Coping Skills Training on Anxiety Symptoms and Motivation to Work in a Group Vocational Rehabilitation Setting,NA
Semantic Scholar,2015,"Running head: Worry Discriminative Differences Among High, Medium, and Low Worriers in Their Ability to Discriminate High, Medium, and Low Anxious Material",NA
Semantic Scholar,2021,S0033291720000781jra 2023..2033,NA
OpenAlex,2021,Safety Behaviors In Generalized Anxiety Disorder: Effects On Symptom Severity And Treatment Outcome,NA
OpenAlex,2018,Self-Compassion as a Mediator between Maladaptive Perfectionism and Anxiety in College Students,NA
OpenAlex,2026,"Self-Compassion, Worry, and Competitive Anxiety in Athletes: Moderated Mediation, Multi-Group Invariance, and Network Analysis",NA
OpenAlex,2011,Short-term Group Cognitive Behavioral Intervention in Generalized Anxiety Individuals,NA
OpenAlex,2020,Should we shoot intolerance of uncertainty for anxiety disorders? Data from the UK and Indonesia,NA
OpenAlex,2019,Single-case experimental design evaluation of repetitive negative thinking-focused acceptance and commitment therapy in generalized anxiety disorder with couple-related worry,NA
OpenAlex,2012,Sintomatologia ansiosa-depressiva in genitori di nati pretermine e sviluppo del bambino,NA
Semantic Scholar,2020,Sprint interval training in young adult males with ampamp; without elevated worry,NA
OpenAlex,2015,Structural model of emotional regulation and symptoms of generalized anxiety disorder in students,NA
PubMed,2017,Suicidal and death ideation among adults with obsessive-compulsive disorder presenting for intensive intervention.,NA
Semantic Scholar,2014,THE COGNITIVE MODEL OF STRESS IN GENESIS OF PERSECUTORY DELUSIONS IN SCHIZOPHRENIA,NA
Semantic Scholar,2015,The Cognitive Predictors of Obsessive- Compulsive Symptoms in Students,NA
OpenAlex,2020,"The Comparison of Alexithymia, Worry, and Perceived Stress in Fertile and Infertile Women of Tabriz",NA
OpenAlex,2016,THE CORRELATION OF NEUROTICISM WITH SYMPTOMS OF DEPRESSION AND ANXIETY IN STUDENTS ACCORDING TO THE MEDIATING ROLE OF WORRY AND RUMINATION,NA
Semantic Scholar,2020,The effect of transcranial Direct Current Stimulation (tDCS) on experiential avoidance and worry in people with general anxiety disorder,NA
Semantic Scholar,2017,THE EFFECTIVENESS OF CBT ( COGNITIVE BEHAVIOR THERAPY ) ON DEPRESSION AND DEPRESSION IN CHILDREN WITH NOCTURNAL ENURESIS,NA
OpenAlex,2016,The effects of imagery-based cognitive bias modification for interpretation on depression and anxiety symptoms,NA
Semantic Scholar,2021,"The Effects of Paradoxical Time Table Therapy on Worry, Rumination, Thought-Action Fusion and Symptoms in Patients with Obsessive-Compulsive Disorder",NA
Semantic Scholar,2011,THE EFFECTS OF STRESS AND APOLIPOPROTEIN Ε4 ON ODOR MEMORY AND LEARNING IN YOUNG AND OLDER ADULTS,NA
OpenAlex,2025,The Efficacy of Compassion-Focused Therapy on Worry and Self-Criticism in Female-Headed Households with Social Anxiety Disorder,NA
OpenAlex,2025,The Efficacy of Mindfulness-Based Cognitive Behavioral Therapy on Reducing Worry and Improving Social Adjustment in Female-Headed Households with Social Anxiety,NA
OpenAlex,2011,The Efficacy of Schema Therapy in Treating Women's Generalized Anxiety Disorder,NA
Semantic Scholar,2018,"The Eﬀectiveness of tDCS on Reduction of Worry, Anxiety, and Depression in Generalized Anxiety Disorder from Randomized, Single-Blind Clinical Trial with Sham Condition in Iran",NA
Europe PMC,2021,The Impact of Covid-19 Pandemic on Family Cohesion. Results from an International Study,NA
Semantic Scholar,2015,The Influence of a Brief Mindfulness Induction on the Neural Response to Errors,NA
OpenAlex,2023,The intolerance of uncertainty on state worry and state anxiety of college students with medium and low trait anxiety,NA
OpenAlex,2015,"The Level of Generalized Anxiety Diorder Among Doctoral Students In UiTM Penang, Malaysia",NA
OpenAlex,2015,The mediating role of meta-cognitive beliefs and cognitive emotion regulation deficit on the relationship between cognitive perfectionism and worry in generalized anxiety disorder,NA
OpenAlex,2022,The Mindfulness and Emotional Dysregulation as Transdiagnostic Factors in Patient with Generalized Anxiety Disorder,NA
OpenAlex,2020,THE MODERATING ROLE OF PSYCHOLOGICAL FLEXIBILITY ON THE RELATIONSHIP BETWEEN CYBER VICTIMIZATION AND ANXIETY IN SWEDISH YOUTH,NA
OpenAlex,2016,"""The more you try to control them, the more they control you"": positive meta-cognitions about control of unwanted thoughts predict catastrophic worry in patients with first psychotic episode",NA
OpenAlex,2013,The Penn State Worry Questionnaire: Comparative Model Fit and Invariance across Gender,NA
Europe PMC,2020,The Penn State Worry Questionnaire Is Invariant Across Age Groups,NA
Semantic Scholar,2019,The Prevalence of Anxiety in Graduate Physical Therapy Students at Daemen College,NA
Semantic Scholar,2017,"The prevalence of depression and anxiety among medical students in comparison with non-medical students: a cross-sectional study in Taibah university, Al Madinah Al Munawwarah, Saudi Arabia, 2016",NA
OpenAlex,2010,The Relationship between Behavioral Activation and Inhibition Systems on the Pathological and Non-Pathological Worry,NA
OpenAlex,2014,The relationship between mindfulness skills and pathological worry: The mediating role of psychological inflexibility,NA
PubMed,2020,"The Relationship between Quality of Life and Physical Activity, Worry, Depression, and Insomnia in Pregnant Women.",NA
Semantic Scholar,2021,The Relationship Between Self-Reported Measures of Anxiety and Sensory Processing,NA
OpenAlex,2014,"The Relationship of Behavioral Activation and Inhibition Systems (BAS/BIS), Difficulty of Emotional Regulation, Metacognition with Worry",NA
OpenAlex,2014,The Relationships between Intolerance of Uncertainty and Social Anxiety: Serial Mediation Analysis,NA
OpenAlex,2014,THE ROLE OF COGNITIVE-AFFECTIVE SYSTEM AND DEMOGRAPHIC CHARACTERISTICS IN PREDICTION OF SYMPTOMS SEVERITY FOR GENERALIZED ANXIETY DISORDER,NA
OpenAlex,2017,"The Role of Emotion Dysregulation, Repetitive Negative Thoughts and Thought-Action Fusion, in Prediction of Worry",NA
OpenAlex,2017,"The role of perseverative negative thinking in predicting depression, anxiety and quality of life in people with coronary heart disease",NA
Europe PMC,2015,[The Role of Worry and Rumination in the Symptoms of Anxiety and Depression].,NA
OpenAlex,2015,"The Role of Worry, Uncertainty and Social Stigma in Predicting Self-Efficacy and Quality of Life in Patients with Epilepsy",NA
Semantic Scholar,2020,The Shefaye Khatam P Effectiveness of Eclectic Model Based on Acceptance and Commitment and Metacognitive Therapy in Patients with Pure Generalized Anxiety Disorder,NA
OpenAlex,2014,THE SIMPLE AND MULTIPLE RELATIONS OF COGNITIVE CHARACTERISTICS AND WORRY IN PATIENTS WITH GENERALIZED ANXIETY AND OBSESSIVE COMPULSIVE DISORDERS,NA
Semantic Scholar,2014,"The Simple and Multiple Relationships of Cognitive Avoidance, Intolerance of Uncertainty, Metacognitive Beliefs, Perfectionism and Cognitive Avoidance with Worry in Patients with Generalized Anxiety Disorder and Obsessive Compulsive Disorder",NA
OpenAlex,2013,"The Study of The Efficacy of Acceptance and Commitment Therapy Adopted for Couples, Integrative Behavioral Couple Therapy on Women with Distressed Couples and General Anxiety Disorder",NA
Semantic Scholar,2010,The validity and reliability of the Turkish version of the obsessive beliefs questionnaire-44 (OBQ-44)/Obsesif inanislar olcegi-44'un (OIO-44) Turkce formunun Gecerlik ve Guvenirlligi,NA
Europe PMC,2020,The Who and When of Worry: The Fading Impact of Gender on Worry and Anxiety Severity Among Older Adults,NA
OpenAlex,2011,Thought control strategies and trait anxiety: predictors of pathological worry in non-clinical sample,NA
OpenAlex,2011,Treatment of anxiety using manualized protocol: a case study,NA
Semantic Scholar,2015,Treatment of pathological worry in children with 'third wave' behavioural therapy and a multisensory learning model : a pilot study,NA
Europe PMC,2018,"TREATMENT OUTCOME OF CALMER LIFE, AN INTERVENTION TARGETING WORRY IN SENIORS FROM LOW-INCOME, MINORITY COMMUNITIES",NA
OpenAlex,2017,TVÅ NYANSER AV ORO : Långtidseffekter av internetförmedlad exponering med responsprevention i forhållande till internetformedlad stresshanteringsbehandling for oro,NA
OpenAlex,2017,VALIDATION OF PERSIAN VERSION OF THE PENN STATE WORRY QUESTIONNAIRE AMONG MULTIPLE SCLEROSIS PATIENTS,NA
OpenAlex,2014,Validation of the “Anxious Thoughts Inventory” for use in Brazil,NA
Semantic Scholar,2016,Validação da Escala Cognitiva de Ansiedade aos Testes Versão Revista (CTAR25) para a População Portuguesa,NA
OpenAlex,2014,"Validação do ""Anxious Thoughts Inventory"" para o uso no Brasil",NA
OpenAlex,2020,valuation of the Prevalence of Generalized Anxiety Disorder and Its Association with Worry in Students of Zanjan University of Medical Sciences,NA
OpenAlex,2019,“What if…?” An EEG-sLORETA Study Investigating Episodic Future Thinking in Subclinical Anxiety,NA
OpenAlex,2026,When Intensity Becomes Unpleasant: Content-Dependent Effects of Arousal on Valence,NA
OpenAlex,2012,"White Bear Suppression Inventory:Structure,Reliability and Validity of the Chinese Version",NA
OpenAlex,2015,Worriers of the world,NA
OpenAlex,2021,Worries of female junior college students,NA
OpenAlex,2020,"Worries, stop-rules and problem-solving confidence in a sample of university students",NA
OpenAlex,2011,Worry and social support in adolescence,NA
OpenAlex,2026,Worry as a Mechanism of Change in Internet-Delivered Cognitive-Behavioral Therapy for Generalized Anxiety Disorder,NA
Europe PMC,2012,Worry as a risk factor for mental and somatic diseases. A research on home-cared cancer patients family caregivers.,NA
OpenAlex,2018,"Worry-focused cognitive behavioural therapy for insomnia (wCBT-I), in two phases, with imagery and distraction of attention",NA
OpenAlex,2015,"Worry in Mexican American Elders: The Role of Age, Gender, and Metabolic Syndrome",NA
OpenAlex,2018,Worry in the Pews: Exploring Levels and Causes of Worry Among Church-goers,NA
OpenAlex,2013,"Worry proneness, worry beliefs and personality - analysis of mutual relations and sex differences",NA
Semantic Scholar,2019,"Worry, Rumination, Depressive and Anxiety Problems among Adolescents",NA
OpenAlex,2012,YOMI: Bridging psychology with yoga and mindfulness. A five-week randomized controlled pilot study on the effects of the YOMI program on stress and worry,NA
OpenAlex,2016,"Üniversiteye uyumun, psikolojik katılık, ruminatif düşünme, endişe ve öz-duyarlılık ile ilişkisi üzerine bir model test etme çalışması.",NA
OpenAlex,2010,Üstbiliş faktörleri ile psikolojik septomlar arasındaki ilişki: başa çıkma stratejilerinin düzenleyici rolü,NA
OpenAlex,2014,Българска адаптаця на Ванкувърския въпросник за обсесии и компулсии в юношеска извадка,NA
OpenAlex,2013,ارزیابی کارایی درمان فراتشخیصی یکپارچه در کاهش شدت نشانه های زنان مبتلا به اختلال اضطراب فراگیر,NA
OpenAlex,2014,ارزیابی کارایی درمان فراتشخیصی یکپارچه در کاهش شدت نشانههای افراد مبتلا به اختلال اضطراب فراگیر همراه با اختلال هیجانی همایند,NA
OpenAlex,2013,بررسی ارتباط بین سیستمهای فعال ساز و بازداری رفتار، دشواری در تنظیم هیجانی و فراشناخت با نگرانی,NA
OpenAlex,2014,بررسی وضعیت سلامت روانی و رابطه آن با نگرانی مرضی و عاطفه مثبت و منفی در بین سربازان وظیفه هنگ مرزی مریوان,NA
OpenAlex,2013,بررسی کارآیی درمانهای مبتنی بر پذیرش و تعهد انطباق یافته زوجی، زوج درمانی رفتاری یکپارچه نگر برکاهش علائم نگرانی و ناسازگاری زناشویی، زنهای دارای آشفتگی زناشویی و اختلال اضطراب فراگیر,NA
OpenAlex,2012,تحملنکردن بلاتکلیفی و نگرانی در افراد مبتلا به اختلال اضطراب فراگیر و اختلال وسواسی- اجباری,NA
OpenAlex,2012,روابط ساختاری ابعاد شخصیتی نئو با نشانههای اختلالهای اضطرابی و افسردگی,NA
OpenAlex,2014,روابط ساده و چندگانه ویژگیهای شناختی و نگرانی در بیماران مبتلا به اختلال اضطراب فراگیر و وسواسـبیاختیاری,NA
OpenAlex,2022,مقایسه ذهن آگاهی و بدتنظیمی هیجانی در افراد مبتلا به اختلال اضطراب فراگیر و عادی,NA
OpenAlex,2015,نقش تعدیلکننده باورهای فراشناختی و نارسایی تنظیم شناختی هیجان در رابطه بین تحملناپذیری بلاتکلیفی و نگرانی در بیماران مبتلا به وسواس فکری- عملی,NA
OpenAlex,2013,نقش واسطهای نشخوار و نگرانی در رابطه بین منبع کنترل با افسردگی و اضطراب,NA
Semantic Scholar,2014,ویژگیهای روانسنجی نسخه فارسی مقیاس کوتاه سنجش شدت نگراني (BMWS) در دانشجویان,NA
OpenAlex,2011,کارآیی طرحوارهدرمانی در درمان زنان مبتلا به اختلال اضطراب فراگیر,NA
OpenAlex,2013,کارایی درمان فراتشخیصی یکپارچه در کاهش شدت عوامل فراتشخیصی و نشانههای اختلالات هیجانی,NA
OpenAlex,2020,大学生を対象としたCancer Worry Scale日本語版の作成および信頼性・妥当性の検討,NA
Semantic Scholar,2017,无法忍受不确定性量表（简版）在中国大学生中的信效度检验,NA
OpenAlex,2013,걱정의 구체성이 불안 및 인지적 평가에 미치는 영향,NA
OpenAlex,2014,공황장애환자를 대상으로 한 불확실성에 대한 인내력 부족 척도 단축형 (IUS-12)의 요인구조 탐색,NA
OpenAlex,2015,다차원적 종교성/영성척도 단축형 한국어판의 타당화,NA
OpenAlex,2015,범불안장애 환자와 일반인의 걱정 내용 및 심각도의 비교,NA
OpenAlex,2010,범불안장애의 불안증상에 대한 가미소요산의 제형별 효능 비교 임상연구의 중간보고,NA
OpenAlex,2011,불확실성에 대한 인내력 및 지각된 통제력이 걱정에 미치는 영향,NA
OpenAlex,2011,불확실성에 대한 인내력 및 지각된 통제력이 걱정에 미치는 영향 :인지적 회피의 매개효과 검증,NA
OpenAlex,2011,불확실성에 대한 인내력 부족과 걱정의 관계,NA
OpenAlex,2011,불확실성에 대한 인내력 부족과 걱정의 관계: 경험적 회피의 매개효과 검증,NA
OpenAlex,2011,스트레스와 신체화 간의 관계에서 걱정의 매개 효과,NA
OpenAlex,2014,한국판 글라스고 수면 노력 척도의 타당화 연구,NA
OpenAlex,2020,한국판 반복적 사고 질문지(K-RTQ)의 타당화,NA
OpenAlex,2019,한국판 반추적 사고 스타일 질문지(K-RTSQ)의 타당화,NA
OpenAlex,2019,한국판 보속적 사고 질문지(K-PTQ)의 타당화,NA
OpenAlex,2017,한글판 펜실베니아 걱정 질문지의 탐색적 및 확인적 요인 분석,NA
